Date,Open,High,Low,Close,Volume,AdjClose
2018-03-27,51.15,51.27,49.86,50.03,3051143.0,50.03
2018-03-26,51.25,51.965,50.305,51.1,3503019.0,51.1
2018-03-23,52.69,53.105,50.62,50.71,2533868.0,50.71
2018-03-22,53.85,53.97,52.635,52.66,2788169.0,52.66
2018-03-21,54.58,54.89,53.68,54.13,3090457.0,54.13
2018-03-20,55.65,55.97,54.57,54.6,1731439.0,54.6
2018-03-19,56.32,56.705,55.16,55.46,1941887.0,55.46
2018-03-16,56.75,57.44,56.29,56.33,3596963.0,56.33
2018-03-15,57.19,57.83,56.8,56.95,1237598.0,56.95
2018-03-14,58.05,58.255,57.12,57.3,956582.0,57.3
2018-03-13,58.65,58.87,57.74,57.8,1028374.0,57.8
2018-03-12,57.92,58.6,57.53,58.42,1337697.0,58.42
2018-03-09,57.31,58.12,56.88,57.67,2022800.0,57.67
2018-03-08,56.47,57.2,56.35,56.95,1355134.0,56.95
2018-03-07,56.21,56.77,56.06,56.43,1856600.0,56.43
2018-03-06,55.83,56.63,55.68,56.37,1528968.0,56.37
2018-03-05,56.51,56.51,54.24,55.86,2180930.0,55.86
2018-03-02,53.92,57.24,53.39,56.96,3023438.0,56.96
2018-03-01,55.49,56.26,54.41,55.29,3126805.0,55.29
2018-02-28,57.39,57.61,56.0,56.06,2674967.0,56.06
2018-02-27,57.26,58.07,57.21,57.33,2649273.0,57.33
2018-02-26,57.77,57.8,56.58,57.05,4396928.0,57.05
2018-02-23,57.9,57.9,56.37,57.67,2109236.0,57.67
2018-02-22,58.13,58.47,57.06,57.11,1690744.0,57.11
2018-02-21,58.06,58.97,57.93,58.06,2293400.0,58.06
2018-02-20,58.42,59.17,57.98,58.15,2880265.0,58.15
2018-02-16,57.91,59.04,57.91,58.43,1921173.0,58.43
2018-02-15,57.69,57.89,56.9,57.7,1844703.0,57.7
2018-02-14,56.47,57.35,56.47,57.18,1815344.0,57.18
2018-02-13,56.79,57.27,56.2,56.99,1556196.0,56.99
2018-02-12,57.59,57.94,56.91,57.38,1575608.0,57.38
2018-02-09,57.12,57.89,56.445,57.16,3196535.0,57.16
2018-02-08,58.3,58.49,56.86,56.865,1938016.0,56.865
2018-02-07,58.09,59.15,54.28,58.315,2255662.0,58.315
2018-02-06,57.09,58.71,57.02,58.44,2032446.0,58.44
2018-02-05,60.06,60.54,58.58,58.815,1512526.0,58.815
2018-02-02,60.46,60.59,60.04,60.06,1354524.0,60.06
2018-02-01,60.55,60.94,60.29,60.73,1369016.0,60.73
2018-01-31,61.5,61.5,60.33,60.81,1882579.0,60.81
2018-01-30,61.86,62.27,61.12,61.4,1357146.0,61.4
2018-01-29,62.7,62.93,61.92,61.98,2006407.0,61.98
2018-01-26,62.76,62.92,62.13,62.84,1764677.0,62.84
2018-01-25,61.65,63.03,61.59,62.81,2544801.0,62.81
2018-01-24,61.68,62.5,61.26,61.83,5400820.0,61.83
2018-01-23,60.0,61.301,59.6,61.17,6489647.0,61.17
2018-01-22,62.04,62.25,60.62,60.8,2747298.0,60.8
2018-01-19,62.52,62.9598,61.78,61.95,2237249.0,61.95
2018-01-18,62.56,63.02,61.97,62.31,2176728.0,62.31
2018-01-17,64.45,64.45,61.51,62.65,5271167.0,62.65
2018-01-16,65.87,65.895,65.0123,65.65,1219168.0,65.65
2018-01-12,64.54,65.9,64.09,65.79,1661742.0,65.79
2018-01-11,62.8,64.32,62.195,64.25,6571095.0,64.25
2018-01-10,65.47,65.665,62.57,62.76,4326319.0,62.76
2018-01-09,68.4,68.4,65.4,65.45,2673087.0,65.45
2018-01-08,67.87,68.47,67.43,68.3,1178534.0,68.3
2018-01-05,67.13,67.94,66.8,67.84,1327106.0,67.84
2018-01-04,67.05,67.1,66.625,66.9,1049572.0,66.9
2018-01-03,67.0,67.27,66.48,66.91,1527545.0,66.91
2018-01-02,66.0,67.23,66.0,67.14,1620714.0,67.14
2017-12-29,66.3,66.72,65.77,65.83,909355.0,65.83
2017-12-28,66.16,66.6,65.62,66.43,708637.0,66.43
2017-12-27,66.36,66.72,65.92,66.03,908381.0,66.03
2017-12-26,65.98,67.02,65.82,66.26,855568.0,66.26
2017-12-22,65.35,65.88,65.07,65.82,598555.0,65.82
2017-12-21,66.19,66.36,65.26,65.5,863475.0,65.5
2017-12-20,66.46,66.66,66.06,66.15,1029632.0,66.15
2017-12-19,66.64,67.08,66.35,66.6,992632.0,66.6
2017-12-18,67.35,67.35,66.45,66.65,1326999.0,66.65
2017-12-15,66.13,66.8,65.62,66.48,1592100.0,66.48
2017-12-14,66.02,66.41,65.52,65.65,919040.0,65.65
2017-12-13,66.15,67.06,65.93,66.06,1596848.0,66.06
2017-12-12,65.1,65.405,64.86,64.99,1057409.0,64.99
2017-12-11,64.83,65.11,64.65,65.02,1585873.0,65.02
2017-12-08,65.91,66.0,64.84,64.9,1946416.0,64.9
2017-12-07,65.11,65.555,64.93,64.99,2101510.0,64.99
2017-12-06,64.97,65.82,64.97,65.5,1168099.0,65.5
2017-12-05,65.79,66.2599,65.47,65.61,1507105.0,65.61
2017-12-04,66.48,66.78,65.72,65.75,1642544.0,65.75
2017-12-01,67.0,67.34,65.43,66.08,1917506.0,66.08
2017-11-30,67.35,67.96,66.3,67.01,2585148.0,67.01
2017-11-29,68.42,68.51,67.67,68.36,1864323.0,68.36
2017-11-28,68.55,68.98,68.29,68.58,1935236.0,68.58
2017-11-27,67.47,68.21,66.73,68.0,1118980.0,68.0
2017-11-24,67.22,67.58,67.2,67.51,589619.0,67.51
2017-11-22,66.84,67.78,66.62,67.59,1191698.0,67.59
2017-11-21,66.1,67.11,65.75,67.01,1826049.0,67.01
2017-11-20,67.36,67.5499,65.92,66.43,1994509.0,66.43
2017-11-17,67.06,67.67,66.975,67.55,1372951.0,67.55
2017-11-16,66.88,67.26,66.575,67.18,1407978.0,67.18
2017-11-15,65.78,66.99,65.56,66.6,2531473.0,66.6
2017-11-14,65.34,65.895,64.96,65.39,2288530.0,65.39
2017-11-13,65.26,66.21,65.2491,65.8,2051446.0,65.8
2017-11-10,65.21,65.6,64.65,65.58,1930083.0,65.58
2017-11-09,63.99,65.66,63.98,65.56,1868825.0,65.56
2017-11-07,63.78,64.41,63.43,64.38,2283520.0,64.38
2017-11-06,65.72,67.95,63.09,63.87,2834848.0,63.87
2017-11-03,62.16,66.0,61.94,64.8,4669633.0,64.8
2017-11-02,61.26,61.61,60.79,61.16,2362042.0,61.16
2017-11-01,61.37,61.74,61.06,61.16,1815797.0,61.16
2017-10-31,61.29,61.63,60.8,61.07,1812263.0,61.07
2017-10-30,61.17,61.36,60.6701,61.28,1309243.0,61.28
2017-10-27,60.94,61.6,60.73,61.35,1561584.0,61.35
2017-10-26,61.33,61.83,61.02,61.37,1205963.0,61.37
2017-10-25,60.91,61.28,60.66,61.0,1653226.0,61.0
2017-10-24,61.75,61.77,60.98,61.09,2835547.0,61.09
2017-10-23,62.05,62.18,61.4,61.82,2301044.0,61.82
2017-10-20,60.87,62.23,60.29,61.84,2209217.0,61.84
2017-10-19,59.6,60.7,59.39,60.675,1846714.0,60.675
2017-10-18,59.2,59.57,59.11,59.5,2399815.0,59.5
2017-10-17,59.2,59.575,58.89,59.5,1684161.0,59.5
2017-10-16,58.26,59.22,58.25,59.19,1981087.0,59.19
2017-10-13,58.39,58.69,57.79,58.22,1398142.0,58.22
2017-10-12,57.4,58.485,57.085,58.41,1873499.0,58.41
2017-10-11,57.45,57.56,56.99,57.32,1387809.0,57.32
2017-10-10,58.16,58.24,56.89,57.57,2269147.0,57.57
2017-10-09,58.4,58.46,58.02,58.09,1026823.0,58.09
2017-10-06,58.93,59.14,58.22,58.51,3141952.0,58.51
2017-10-05,57.22,59.55,57.0,58.98,3217592.0,58.98
2017-10-04,55.5,57.3,55.06,57.21,4675007.0,57.21
2017-10-03,56.5,56.89,55.37,55.65,3415908.0,55.65
2017-10-02,58.0,58.31,54.91,56.33,6470705.0,56.33
2017-09-29,59.04,59.88,58.72,59.81,1073841.0,59.81
2017-09-28,59.79,60.63,59.09,59.23,981241.0,59.23
2017-09-27,59.68,59.86,58.91,59.77,1178064.0,59.682335586763
2017-09-26,59.15,59.88,59.02,59.55,1362385.0,59.462658259857996
2017-09-25,58.28,59.22,58.1101,59.16,1215388.0,59.073230271254
2017-09-22,57.75,58.595,57.65,58.53,956621.0,58.444154289664
2017-09-21,58.48,58.77,57.61,57.81,1092322.0,57.725210310704
2017-09-20,58.35,58.83,58.08,58.65,1096848.0,58.563978286156996
2017-09-19,58.71,58.76,57.75,57.85,1560777.0,57.765151642868005
2017-09-18,59.22,59.38,58.31,58.71,1958489.0,58.623890284404
2017-09-15,58.84,59.57,58.51,59.34,2600859.0,59.252966265995
2017-09-14,59.14,59.14,57.49,58.12,2065357.0,58.034755634978
2017-09-13,59.27,59.86,58.98,59.14,2103833.0,59.053259605172
2017-09-12,59.23,59.5954,59.01,59.44,1445381.0,59.352819596406
2017-09-11,58.77,59.42,58.43,59.24,1953444.0,59.153112935583
2017-09-08,57.92,58.81,57.92,58.44,2588916.0,58.354286292294
2017-09-07,56.93,58.18,56.68,57.83,2576501.0,57.745180976786
2017-09-06,56.58,57.405,56.48,56.94,1395319.0,56.856486336126004
2017-09-05,56.65,56.73,55.89,56.49,1217095.0,56.407146349276
2017-09-01,56.67,56.82,56.24,56.66,1662001.0,56.576897010974996
2017-08-31,55.66,56.64,55.58,56.57,1496490.0,56.487029013605
2017-08-30,55.51,55.82,55.3604,55.67,1860193.0,55.588349039904
2017-08-29,54.94,55.94,54.85,55.7,2243134.0,55.618305039027994
2017-08-28,54.91,55.29,54.71,55.16,1740798.0,55.079097054806994
2017-08-25,54.7,55.04,54.33,54.8,1827856.0,54.719625065326994
2017-08-24,53.0,54.81,53.0,54.62,3116076.0,54.539889070586995
2017-08-23,53.37,53.42,52.93,53.22,1189316.0,53.14194244483
2017-08-22,52.69,53.88,52.56,53.69,1336526.0,53.611253097763004
2017-08-21,52.71,53.065,52.535,52.79,1290285.0,52.712573124062004
2017-08-18,53.14,53.5599,52.82,52.8592,1569798.0,52.781671628707
2017-08-17,53.45,53.85,53.15,53.17,1627884.0,53.092015779624994
2017-08-16,54.0,54.11,52.73,53.48,2161184.0,53.401561103899
2017-08-15,54.14,54.14,53.21,53.76,2866084.0,53.681150429051
2017-08-14,55.77,56.15,54.04,54.29,2871935.0,54.21037308023
2017-08-11,55.58,55.58,54.495,55.33,3552520.0,55.248847716506006
2017-08-10,55.87,56.17,55.24,55.5,3514089.0,55.418598378205004
2017-08-09,58.77,58.9,55.85,56.21,6045730.0,56.127557024125004
2017-08-08,62.0,62.32,61.13,61.44,2042717.0,61.349886204629
2017-08-07,61.64,62.39,61.46,62.34,1584112.0,62.24856617833
2017-08-04,61.38,61.75,60.82,61.59,1444967.0,61.499666200246
2017-08-03,61.02,61.41,60.69,61.35,650435.0,61.260018207258994
2017-08-02,61.37,61.47,60.62,61.16,1011795.0,61.07029687947799
2017-08-01,62.11,62.11,60.7,61.52,2325445.0,61.42976886895799
2017-07-31,62.8,62.8,61.87,62.03,1244064.0,61.939020854055
2017-07-28,63.01,63.15,62.25,62.65,1024279.0,62.558111502605
2017-07-27,63.06,63.23,62.64,62.91,1205202.0,62.81773016167401
2017-07-26,63.07,63.29,62.76,63.17,994371.0,63.077348820743
2017-07-25,62.98,63.1,62.46,63.05,1113956.0,62.957524824249
2017-07-24,62.97,63.03,62.36,62.69,2745227.0,62.598052834769
2017-07-21,63.04,63.43,62.57,62.92,2794087.0,62.827715494715
2017-07-20,64.49,64.54,62.9901,63.03,2655190.0,62.937554158166996
2017-07-19,65.07,65.1,64.5,64.61,1740354.0,64.515236778664
2017-07-18,65.05,65.19,64.53,65.0,901616.0,64.904664767267
2017-07-17,64.9,65.4,64.705,65.06,771302.0,64.964576765514
2017-07-14,65.0,65.24,64.9,65.11,913040.0,65.01450343072
2017-07-13,64.55,65.1,64.11,64.88,767804.0,64.784840770774
2017-07-12,64.6,65.11,64.34,64.4,1023578.0,64.30554478479999
2017-07-11,64.38,64.98,63.73,64.1,1167468.0,64.005984793567
2017-07-10,64.63,64.72,64.08,64.24,1147178.0,64.145779456142
2017-07-07,64.45,64.88,64.2,64.6,977908.0,64.505251445623
2017-07-06,64.77,65.07,64.0,64.29,1939290.0,64.195706121348
2017-07-05,64.74,65.27,64.3,65.08,1027274.0,64.984547431596
2017-07-03,65.14,65.44,64.51,64.63,475358.0,64.53520744474599
2017-06-30,64.9,65.05,64.45,64.84,744390.0,64.74489943861
2017-06-29,65.17,65.44,64.11,64.53,1150807.0,64.435354114335
2017-06-28,64.52,65.5,63.99,65.25,1143088.0,65.154298093295
2017-06-27,63.92,65.0,63.705,64.43,1796414.0,64.249834338139
2017-06-26,63.98,64.16,63.1801,64.07,845946.0,63.890841006435004
2017-06-23,63.91,64.0,63.5,63.85,1264181.0,63.671456192615004
2017-06-22,63.72,64.08,63.68,63.83,824737.0,63.651512118632
2017-06-21,63.38,63.81,63.291000000000004,63.77,949738.0,63.591679896681
2017-06-20,63.89,64.045,63.18,63.35,930719.0,63.172854343025996
2017-06-19,64.01,64.26,63.82,63.98,659603.0,63.801092673509
2017-06-16,63.11,63.73,62.66,63.7,1653468.0,63.521875637738
2017-06-15,63.46,63.62,63.05,63.31,1027708.0,63.132966195058
2017-06-14,63.45,63.89,63.28,63.73,897672.0,63.551791748713995
2017-06-13,62.7,63.3,62.49,63.28,822231.0,63.103050084083
2017-06-12,63.29,63.89,62.35,62.75,2395291.0,62.574532123518
2017-06-09,63.36,63.645,62.92,63.34,1126979.0,63.162882306034
2017-06-08,63.61,63.62,62.83,63.45,1004431.0,63.272574712943
2017-06-07,63.28,63.995,63.14,63.63,719481.0,63.452071378796
2017-06-06,63.87,64.15,63.46,63.55,527674.0,63.372295082861
2017-06-05,64.76,64.83,63.79,63.9,620950.0,63.721316377574
2017-06-02,64.25,64.54,64.01,64.45,853978.0,64.269778412123
2017-06-01,63.74,64.07,62.98,64.06,1185483.0,63.880868969443
2017-05-31,62.92,63.69,62.4,63.52,1367187.0,63.342378971886
2017-05-30,62.57,62.8,62.31,62.62,1694889.0,62.444895642624
2017-05-26,62.99,63.1399,62.59,62.72,679339.0,62.544616012542
2017-05-25,62.87,63.25,62.48,63.07,765164.0,62.893637307255
2017-05-24,63.42,63.625,62.54,62.73,973383.0,62.554588049534
2017-05-23,61.45,63.405,61.02,63.15,2105091.0,62.973413603190004
2017-05-22,61.54,62.755,61.52,62.59,1341497.0,62.414979531648996
2017-05-19,61.52,62.04,61.13,61.62,1451483.0,61.447691943444994
2017-05-18,61.61,62.05,61.1475,61.66,989760.0,61.487580091412
2017-05-17,61.96,61.96,61.305,61.35,1191409.0,61.17844694466601
2017-05-16,62.19,62.32,61.61,62.16,927117.0,61.986181941001995
2017-05-15,61.55,62.18,61.48,62.05,1436876.0,61.876489534091995
2017-05-12,62.7,62.7,61.6,61.65,1468221.0,61.477608054419996
2017-05-11,62.32,62.78,62.1,62.7,1210953.0,62.524671938558996
2017-05-10,63.18,63.31,62.3,62.52,1564416.0,62.345175272706
2017-05-09,64.41,65.39,62.92,63.25,2564781.0,63.07313397310799
2017-05-08,65.19,65.68,64.61,65.48,2227308.0,65.296898222278
2017-05-05,65.2,65.6,64.85,65.59,974810.0,65.406590629188
2017-05-04,64.02,65.5,63.77,65.32,1706952.0,65.137345630409
2017-05-03,63.24,64.84,63.1,63.81,1601234.0,63.631568044648
2017-05-02,63.24,63.34,62.93,63.25,907721.0,63.07313397310799
2017-05-01,63.45,63.525,62.94,63.02,746959.0,62.843777122296
2017-04-28,63.22,63.595,62.995,63.24,1111511.0,63.063161936115996
2017-04-27,63.28,63.84,62.96,63.47,738383.0,63.292518786927005
2017-04-26,63.11,63.47,63.11,63.3,876692.0,63.122994158066994
2017-04-25,63.33,63.85,62.96,62.98,1095082.0,62.803888974329006
2017-04-24,63.43,63.6,63.03,63.33,1140253.0,63.152910269041996
2017-04-21,62.7,63.02,62.1,62.53,1381841.0,62.355147309698
2017-04-20,62.63,63.04,61.76,62.68,1307542.0,62.504727864575
2017-04-19,62.55,62.9489,61.81,62.35,1193442.0,62.175650643846
2017-04-18,62.11,62.44,61.92,62.13,948068.0,61.956265830026
2017-04-17,62.07,62.4799,61.94,62.41,579509.0,62.235482865797
2017-04-13,62.1,62.14,61.66,61.8,916972.0,61.627188609297
2017-04-12,62.45,62.56,61.91,61.99,936692.0,61.816657312141
2017-04-11,62.46,62.99,62.31,62.68,1112710.0,62.504727864575
2017-04-10,62.38,62.96,62.18,62.65,725078.0,62.474811753599994
2017-04-07,63.09,63.3,62.37,62.46,1319095.0,62.285343050756
2017-04-06,62.05,63.15,61.88,63.04,1727195.0,62.863721196280004
2017-04-05,62.06,62.99,61.84,61.99,1492269.0,61.816657312141
2017-04-04,62.54,62.64,61.53,61.78,1361377.0,61.607244535313995
2017-04-03,62.47,62.85,62.17,62.64,1303419.0,62.464839716608
2017-03-31,62.26,62.7,62.18,62.44,1061380.0,62.265398976772005
2017-03-30,62.66,62.94,62.37,62.65,621469.0,62.474811753599994
2017-03-29,62.66,63.6,62.445,62.94,1103143.0,62.764000826362
2017-03-28,62.29,63.16,62.29,62.94,930698.0,62.676866637756994
2017-03-27,62.23,62.72,61.85,62.56,953538.0,62.298455304385996
2017-03-24,62.46,62.92,62.12,62.44,907640.0,62.17895698858499
2017-03-23,62.53,62.78,62.205,62.32,1122831.0,62.059458672784004
2017-03-22,62.6,62.91,62.12,62.65,774850.0,62.388079041237
2017-03-21,62.98,63.07,62.25,62.4,1512581.0,62.139124216651
2017-03-20,63.2,63.32,62.06,62.75,1532399.0,62.487660971071996
2017-03-17,63.35,63.84,63.11,63.26,1807591.0,62.995528813227
2017-03-16,63.42,63.55,62.7175,63.1,1899342.0,62.836197725492
2017-03-15,63.93,64.25,63.44,63.52,2047581.0,63.254441830796004
2017-03-14,63.78,63.84,63.24,63.66,951688.0,63.393856532564
2017-03-13,63.38,64.0,62.91,63.94,1768939.0,63.672685936101
2017-03-10,63.31,63.71,62.9,63.4,1478877.0,63.134943514995
2017-03-09,62.66,62.85,62.43,62.82,1515258.0,62.557368321956
2017-03-08,62.5,63.0,62.3,62.69,1314601.0,62.427911813170994
2017-03-07,62.56,62.77,62.16,62.55,1050067.0,62.288497111403
2017-03-06,63.07,63.13,62.5,62.75,1094315.0,62.487660971071996
2017-03-03,63.45,63.62,62.85,63.36,1234240.0,63.095110743061
2017-03-02,64.35,64.35,63.48,63.65,972930.0,63.383898339581
2017-03-01,63.78,64.8,63.68,64.5,1998791.0,64.23034474317299
2017-02-28,62.19,63.9,61.95,63.52,2533418.0,63.254441830796004
2017-02-27,62.72,62.97,62.1,62.19,1611110.0,61.930002163999006
2017-02-24,62.52,62.825,61.89,62.79,1045123.0,62.527493743004996
2017-02-23,62.4,62.665,62.12,62.45,1143122.0,62.188915181568
2017-02-22,62.53,62.75,62.0301,62.34,1457592.0,62.079375058751005
2017-02-21,62.0,63.09,62.0,62.5,2491689.0,62.238706146485995
2017-02-17,60.63,63.44,60.63,62.68,4224668.0,62.417953620187
2017-02-16,60.28,60.755,60.0,60.74,2327353.0,60.486064181401
2017-02-15,59.55,60.59,59.351000000000006,60.375,1477426.0,60.122590137505
2017-02-14,59.47,59.9,59.39,59.74,2234772.0,59.490244883057
2017-02-13,58.37,59.02,57.94,58.84,1344194.0,58.594007514547
2017-02-10,58.59,58.75,58.255,58.39,1194735.0,58.145888830292996
2017-02-09,57.37,58.72,57.32,58.61,2242553.0,58.364969075928
2017-02-08,57.14,57.35,56.63,57.32,1313868.0,57.080362181065
2017-02-07,57.47,57.59,56.94,57.43,1520561.0,57.189902303883
2017-02-06,56.9,57.26,56.67,57.26,1855737.0,57.020613023163996
2017-02-03,56.89,57.27,56.28,57.14,1168821.0,56.90111470736301
2017-02-02,56.59,56.87,56.21,56.52,1665138.0,56.28370674239
2017-02-01,56.7,57.21,56.26,56.9,1602966.0,56.66211807576
2017-01-31,56.24,56.72,55.965,56.7,2243569.0,56.462954216091994
2017-01-30,56.48,56.77,55.84,56.34,1459149.0,56.104459268688004
2017-01-27,56.69,56.78,55.79,56.57,2139586.0,56.333497707307
2017-01-26,56.79,56.92,56.38,56.6,1458131.0,56.363372286257
2017-01-25,56.44,57.04,56.248000000000005,56.91,1754250.0,56.672076268744
2017-01-24,55.69,56.71,55.26,56.21,1868357.0,55.975002759903
2017-01-23,55.93,56.48,55.18,55.59,2375759.0,55.35759479493
2017-01-20,55.85,56.03,55.0,56.01,5266295.0,55.775838900235
2017-01-19,56.45,56.73,55.45,55.67,2175946.0,55.437260338798
2017-01-18,58.18,58.18,56.46,56.55,2612980.0,56.313581321339996
2017-01-17,57.57,58.54,57.27,58.17,1765386.0,57.926808584657
2017-01-13,57.0,57.92,56.47,57.82,1669993.0,57.578271830237
2017-01-12,57.55,57.74,56.68,57.0,1950963.0,56.761700005594996
2017-01-11,58.15,58.59,56.695,57.65,1724262.0,57.408982549518
2017-01-10,58.37,58.66,57.9001,58.17,1596036.0,57.926808584657
2017-01-09,58.22,58.67,58.08,58.47,950590.0,58.22555437415999
2017-01-06,58.34,58.55,57.8,58.29,1169582.0,58.046306900458
2017-01-05,59.0,59.235,58.19,58.33,1114552.0,58.086139672391994
2017-01-04,58.65,59.36,58.65,59.1,978281.0,58.852920532117004
2017-01-03,58.02,58.73,57.4,58.62,1778161.0,58.374927268912
2016-12-30,58.29,58.36,57.54,57.73,949418.0,57.488648093386004
2016-12-29,58.25,58.565,58.06,58.25,734047.0,58.006474128525
2016-12-28,58.88,59.31,58.09,58.15,1034768.0,57.90689219869
2016-12-27,59.45,59.81,58.965,59.07,635112.0,58.744753289711
2016-12-23,59.06,60.24,58.95,59.24,434649.0,58.91381724873
2016-12-22,59.63,59.66,58.55,59.13,922426.0,58.804422922306
2016-12-21,59.68,60.12,59.56,59.78,880821.0,59.450843942084
2016-12-20,59.89,60.27,59.44,59.94,1224121.0,59.609962962337
2016-12-19,60.24,60.4,59.6,59.68,779314.0,59.351394554426
2016-12-16,60.6,60.62,59.95,60.08,1884700.0,59.749192105059
2016-12-15,59.81,60.64,59.38,60.4,1398180.0,60.067430145565005
2016-12-14,59.85,60.24,59.265,59.67,1205469.0,59.34144961566
2016-12-13,59.54,60.03,59.065,59.82,865302.0,59.490623697147
2016-12-12,58.87,59.63,58.87,59.25,1062443.0,58.923762187495
2016-12-09,58.94,59.1,58.25,59.02,1336801.0,58.69502859588199
2016-12-08,58.07,58.84,57.6,58.8,1488758.0,58.476239943033
2016-12-07,57.84,58.19,57.32,58.08,1544126.0,57.760204351894
2016-12-06,57.09,57.94,57.03,57.92,1364104.0,57.601085331640995
2016-12-05,57.71,58.22,57.24,57.27,2162063.0,56.954664311863006
2016-12-02,57.24,58.21,56.71,56.91,2257277.0,56.596646516293
2016-12-01,58.4,59.02,57.24,57.46,2290964.0,57.143618148413
2016-11-30,60.15,60.35,58.14,58.18,2349029.0,57.859653739553
2016-11-29,60.59,60.95,60.425,60.47,1021988.0,60.137044716926
2016-11-28,60.66,60.79,60.05,60.44,1856353.0,60.10720990062801
2016-11-25,59.045,60.88,59.045,60.75,434714.0,60.415503002369
2016-11-23,59.86,60.55,59.06,60.51,1346874.0,60.176824471989
2016-11-22,58.57,59.97,58.57,59.85,2663838.0,59.52045851344499
2016-11-21,60.14,60.64,59.59,59.88,1390153.0,59.550293329742004
2016-11-18,60.74,60.95,60.0395,60.16,1294559.0,59.828751615185006
2016-11-17,60.36,61.2,60.36,60.95,1367499.0,60.614401777685
2016-11-16,59.97,60.68,59.19,60.57,1200051.0,60.236494104584
2016-11-15,58.89,60.11,58.5,59.97,1411655.0,59.639797778635
2016-11-14,60.31,60.41,58.45,58.68,2372042.0,58.356900677844
2016-11-11,60.89,61.1899,60.1,60.22,1407048.0,59.88842124778001
2016-11-10,61.95,62.17,60.85,61.08,1973560.0,60.74368598164099
2016-11-09,62.92,62.92,59.95,61.19,2048874.0,60.853080308065
2016-11-08,61.05,61.28,59.525,61.0,1221346.0,60.664126471513995
2016-11-07,61.54,61.55,60.3,61.12,2983449.0,60.783465736703995
2016-11-04,55.19,61.75,55.01,60.6,3712587.0,60.266328920881
2016-11-03,59.98,60.47,59.22,59.55,2487571.0,59.22211035047
2016-11-02,58.65,60.608999999999995,58.65,59.74,2664983.0,59.411064187021
2016-11-01,58.63,59.58,57.815,58.4,2461041.0,58.078442392401
2016-10-31,56.93,57.72,56.22,57.57,2060169.0,57.253012474837
2016-10-28,55.62,57.65,55.62,57.05,2109549.0,56.735875659015
2016-10-27,56.09,56.19,55.39,55.83,1172481.0,55.522593129583996
2016-10-26,56.47,56.61,55.585,55.85,1524182.0,55.542483007116005
2016-10-25,58.09,58.09,56.7,56.76,1721163.0,56.447472434806
2016-10-24,58.64,58.755,57.88,57.98,802568.0,57.660754964236
2016-10-21,58.63,58.63,57.84,58.3,994430.0,57.978993004742
2016-10-20,59.2,59.98,58.63,59.05,1264613.0,58.724863412179005
2016-10-19,59.1,59.59,58.67,59.41,1193775.0,59.082881207749004
2016-10-18,58.92,59.47,58.82,59.06,1061503.0,58.734808350944995
2016-10-17,58.59,59.02,58.28,58.33,1697584.0,58.00882782104
2016-10-14,58.21,58.9,57.98,58.7,2110450.0,58.376790555375
2016-10-13,57.44,57.865,57.02,57.82,1797555.0,57.501635943983004
2016-10-12,57.9,57.96,57.59,57.8,1133115.0,57.481746066450995
2016-10-11,59.65,59.65,57.65,57.89,1334463.0,57.571250515344
2016-10-10,59.93,60.27,59.73,59.79,789596.0,59.460788880850004
2016-10-07,59.33,59.765,59.0,59.67,1351238.0,59.34144961566
2016-10-06,58.71,59.11,58.26,59.08,1449841.0,58.754698228476
2016-10-05,58.91,59.12,58.74,58.94,1286882.0,58.615469085754995
2016-10-04,58.98,59.44,58.57,58.9,1502697.0,58.57568933069199
2016-10-03,59.07,59.67,58.6,59.04,1681803.0,58.714918473413
2016-09-30,59.36,59.66,59.01,59.43,1505778.0,59.10277108528001
2016-09-29,59.36,59.615,58.76,59.1,1646609.0,58.774588106008
2016-09-28,59.42,59.66,59.05,59.64,1053203.0,59.311614799363
2016-09-27,58.89,59.6081,58.75,59.55,927946.0,59.14525325578
2016-09-26,59.02,59.095,58.57,58.83,1624543.0,58.430146919186
2016-09-23,60.11,60.36,59.35,59.36,1749097.0,58.956544639179
2016-09-22,59.99,60.1,59.11,60.01,2069028.0,59.602126748604
2016-09-21,59.76,60.18,59.34,59.89,1487296.0,59.482942359171
2016-09-20,59.94,60.08,59.44,59.57,1126097.0,59.165117320685
2016-09-19,59.96,60.3,59.64,59.72,1266763.0,59.314097807475996
2016-09-16,60.1,60.15,59.24,59.63,1827971.0,59.224709515401
2016-09-15,58.97,60.35,58.97,60.03,1043498.0,59.621990813508994
2016-09-14,59.28,59.83,58.93,59.23,1476724.0,58.827428217294
2016-09-13,60.16,60.38,59.29,59.38,929496.0,58.976408704083994
2016-09-12,59.98,60.84,59.13,60.78,1371903.0,60.36689324746101
2016-09-09,59.86,60.3,59.02,59.03,1327313.0,58.62878756824001
2016-09-08,61.08,61.47,60.31,60.35,1155393.0,59.939815851995
2016-09-07,61.11,61.49,60.89,61.13,1008107.0,60.714514383304994
2016-09-06,61.64,61.66,60.865,61.2,1258908.0,60.784038610474006
2016-09-02,62.98,62.98,61.32,61.7,872605.0,61.280640233109
2016-09-01,61.64,61.9,61.12,61.65,994841.0,61.230980070845
2016-08-31,61.5,61.68,61.15,61.46,1059788.0,61.042271454244
2016-08-30,61.78,61.9,61.27,61.5,816672.0,61.081999584055005
2016-08-29,61.49,62.03,61.46,61.87,983630.0,61.449484784804
2016-08-26,60.41,61.585,60.41,61.36,2032147.0,60.942951129716995
2016-08-25,60.0,60.94,59.51,60.78,1901767.0,60.36689324746101
2016-08-24,60.2,60.37,59.91,59.97,1261987.0,59.562398618793004
2016-08-23,60.55,60.76,60.07,60.21,1196202.0,59.80076739765801
2016-08-22,60.81,60.82,59.93,60.47,988507.0,60.059000241428
2016-08-19,59.88,60.81,59.51,60.77,1336211.0,60.356961215008
2016-08-18,59.75,60.17,59.61,60.01,1029488.0,59.602126748604
2016-08-17,59.93,60.08,59.47,59.72,1481094.0,59.314097807475996
2016-08-16,60.94,60.94,60.09,60.09,972824.0,59.681583008225005
2016-08-15,61.15,61.46,60.88,60.97,814200.0,60.555601864062005
2016-08-12,60.94,61.42,60.83,61.02,802110.0,60.605262026325995
2016-08-11,61.46,61.61,60.97,61.44,1009031.0,61.022407389339
2016-08-10,61.16,61.5496,60.84,61.26,844440.0,60.84363080519
2016-08-09,60.74,61.2,60.45,61.13,1190276.0,60.714514383304994
2016-08-08,61.89,62.17,60.74,60.9,2145574.0,60.48607763689299
2016-08-05,64.08,64.54,61.96,61.99,1886124.0,61.568669174237
2016-08-04,64.89,64.9,63.22,63.69,2605449.0,63.257114691194
2016-08-03,64.47,65.16,64.025,65.14,1782765.0,64.69725939683501
2016-08-02,64.2,64.75,63.7,64.63,2281681.0,64.190725741747
2016-08-01,64.0,64.488,63.73,64.23,1823711.0,63.793444443640006
2016-07-29,63.23,64.18,63.225,64.04,2190152.0,63.604735827039
2016-07-28,62.6,63.36,62.59,63.1,743752.0,62.671124776485996
2016-07-27,63.07,63.26,62.51,62.59,1112882.0,62.164591121398004
2016-07-26,62.48,63.085,62.2,63.07,741260.0,62.641328679127
2016-07-25,62.71,62.94,62.29,62.45,505779.0,62.025542667061
2016-07-22,62.71,62.83,62.32,62.73,886465.0,62.303639575736
2016-07-21,63.07,63.45,62.29,62.47,643524.0,62.045406731966
2016-07-20,63.05,63.47,62.99,63.23,826673.0,62.800241198371
2016-07-19,62.71,62.86,62.49,62.81,633931.0,62.383095835357
2016-07-18,63.02,63.22,62.39,62.77,945627.0,62.343367705546996
2016-07-15,63.67,63.75,62.89,62.96,998276.0,62.532076322148
2016-07-14,63.53,63.75,63.19,63.26,1077509.0,62.830037295729
2016-07-13,63.22,63.695,62.86,62.98,1359637.0,62.551940387053
2016-07-12,64.14,64.4,63.07,63.13,1385413.0,62.700920873844005
2016-07-11,63.45,63.9,63.31,63.74,987036.0,63.306774853458
2016-07-08,63.16,63.44,62.56,63.39,1428193.0,62.959153717614
2016-07-07,62.58,62.82,62.03,62.5,1157059.0,62.075202829324
2016-07-06,62.0,62.87,61.55,62.74,1630419.0,62.313571608189
2016-07-05,62.18,62.47,61.45,62.15,1394857.0,61.727581693480005
2016-07-01,62.15,62.42,61.84,62.33,1370706.0,61.906358277628
2016-06-30,61.72,62.05,61.36,62.04,1642697.0,61.6183293365
2016-06-29,60.56,61.56,60.07899999999999,61.46,1695495.0,61.042271454244
2016-06-28,59.8,60.55,59.41,60.55,1810190.0,60.138456501049006
2016-06-27,60.7,61.29,58.8375,59.36,2270090.0,58.956544639179
2016-06-24,62.39,63.08,61.27,61.3,7121596.0,60.883358935001
2016-06-23,63.9,64.84,63.55,64.21,2059591.0,63.773580378733996
2016-06-22,63.46,63.75,63.29,63.47,1023503.0,63.038609977235005
2016-06-21,63.33,63.665,63.0224,63.4,1257270.0,62.892291161048
2016-06-20,63.99,64.415,63.31,63.32,1815764.0,62.812931803115994
2016-06-17,63.14,63.47,62.5,63.21,6418705.0,62.703812685959996
2016-06-16,63.2,63.565,62.49,63.5,1763353.0,62.991490358463004
2016-06-15,64.3,64.52,63.29,63.33,1266019.0,62.822851722858
2016-06-14,64.41,64.55,63.7,64.28,1387142.0,63.765244098299
2016-06-13,64.22,65.83,64.13,64.73,2704824.0,64.211640486666
2016-06-10,64.12,64.25,63.41,63.61,1215671.0,63.100609475619
2016-06-09,64.04,64.59,63.84,64.43,965906.0,63.914042894421996
2016-06-08,62.58,64.355,62.37,64.34,1673858.0,63.824763616748
2016-06-07,62.84,63.2,62.67,62.79,1006012.0,62.287176056816996
2016-06-06,62.64,62.97,62.465,62.75,843980.0,62.247496377851
2016-06-03,62.85,62.945,62.41,62.65,803700.0,62.148297180436
2016-06-02,62.21,63.02,62.21,63.0,1013569.0,62.495494371389
2016-06-01,62.16,62.92,61.96,62.48,1398789.0,61.979658544831
2016-05-31,62.69,62.69,61.85,62.16,1670869.0,61.662221113103
2016-05-27,63.04,63.04,61.87,62.47,1322237.0,61.969738625089995
2016-05-26,61.67,61.99,61.45,61.72,1070843.0,61.225744644478
2016-05-25,61.94,62.15,61.7,61.77,1114733.0,61.275344243184996
2016-05-24,60.54,61.82,60.53,61.73,1135486.0,61.235664564219
2016-05-23,60.98,61.32,60.33,60.36,1446257.0,59.876635559635
2016-05-20,60.66,61.44,60.38,60.96,3626972.0,60.471830744125
2016-05-19,60.62,61.04,59.91,60.31,1287317.0,59.827035960928
2016-05-18,60.46,61.22,60.08,61.07,1640468.0,60.580949861281006
2016-05-17,62.19,62.464,60.45,60.7,2006386.0,60.213912830846006
2016-05-16,61.07,62.575,60.99,62.26,1592065.0,61.761420310518
2016-05-13,61.81,61.96,61.09,61.16,1067732.0,60.670229138954
2016-05-12,62.23,62.23,61.265,61.9,1561920.0,61.404303199825
2016-05-11,61.15,62.0389,61.15,61.88,1788593.0,61.384463360342
2016-05-10,60.78,61.32,60.71,61.32,1337446.0,60.828947854818004
2016-05-09,61.56,61.95,60.44,60.52,1645218.0,60.035354275499
2016-05-06,61.5,62.0,60.6,61.75,3166291.0,61.255504403702
2016-05-05,59.96,61.12,59.91,60.49,1858992.0,60.005594516274996
2016-05-04,59.66,60.03,59.26,59.87,1060679.0,59.390559492301996
2016-05-03,59.83,60.27,59.46,59.97,971698.0,59.489758689717
2016-05-02,59.78,60.61,59.45,60.25,1107525.0,59.767516442479
2016-04-29,59.97,60.15,59.08,59.6,1234736.0,59.122721659282
2016-04-28,60.73,61.23,60.115,60.33,997259.0,59.846875800411
2016-04-27,60.56,61.1,59.93,60.95,922812.0,60.461910824383004
2016-04-26,61.26,61.405,60.46,60.58,988084.0,60.094873793948004
2016-04-25,60.79,61.305,60.7,61.11,1061769.0,60.620629540247
2016-04-22,60.7,61.0,60.19,60.72,1230062.0,60.233752670329
2016-04-21,61.34,61.515,60.26,60.54,1041034.0,60.055194114982
2016-04-20,61.1,61.46,60.59,61.27,720003.0,60.779348256111
2016-04-19,61.06,61.245,60.81,61.03,994312.0,60.541270182314996
2016-04-18,59.92,61.09,59.86,60.88,1066766.0,60.392471386193
2016-04-15,60.0,60.11,59.68,60.09,714762.0,59.608797726615
2016-04-14,59.68,60.26,59.29,60.03,1051768.0,59.549278208166
2016-04-13,59.92,60.0,59.41,59.8,840324.0,59.321120054111994
2016-04-12,59.46,60.06,59.22,59.71,1084580.0,59.231840776438
2016-04-11,59.79,60.16,59.36,59.5,1361532.0,59.023522461866996
2016-04-08,60.54,60.54,59.39,59.72,1321269.0,59.24176069618
2016-04-07,60.78,61.03,59.95,60.2,1177332.0,59.717916843771
2016-04-06,60.54,61.06,60.29,61.01,1314478.0,60.521430342832005
2016-04-05,61.13,61.32,60.33,60.67,1625329.0,60.184153071621
2016-04-04,61.53,62.13,61.185,61.4,1184298.0,60.908307212749996
2016-04-01,61.41,61.88,61.02,61.49,1648071.0,60.997586490424005
2016-03-31,62.16,62.34,61.49,61.63,1657752.0,61.136465366803996
2016-03-30,62.19,62.42,61.78,62.06,1100602.0,61.563021915688
2016-03-29,60.54,62.15,60.4,61.98,1509258.0,61.48366255775699
2016-03-28,59.99,60.76,59.56,60.38,1840402.0,59.896475399118
2016-03-24,58.77,59.86,58.44,59.62,3081508.0,59.142561498765
2016-03-23,60.68,61.33,60.22,60.55,1691226.0,60.065114034722995
2016-03-22,59.6,61.06,59.5,60.91,2490246.0,60.422231145417
2016-03-21,60.45,60.83,59.95,60.0,2998229.0,59.443883889732
2016-03-18,60.9,61.62,60.5,60.72,3380409.0,60.15721049640899
2016-03-17,61.26,61.47,60.23,60.82,2896714.0,60.25628363622501
2016-03-16,61.13,61.53,60.76,61.29,2082440.0,60.721927393361
2016-03-15,60.98,61.79,60.28,60.9,2225446.0,60.335542148078005
2016-03-14,62.5,62.93,60.75,61.41,3152280.0,60.840815161141
2016-03-11,62.8,63.68,62.45,63.49,2101922.0,62.901536469317996
2016-03-10,62.1,62.87,61.43,62.44,2419296.0,61.861268501248
2016-03-09,61.79,62.42,61.03,62.11,2531288.0,61.534327139854
2016-03-08,60.84,62.42,60.84,61.53,3185048.0,60.959702928919995
2016-03-07,59.73,61.26,59.685,61.0,2716241.0,60.434615287894
2016-03-04,60.22,61.37,59.94,60.16,2541676.0,59.602400913438
2016-03-03,60.12,60.9,59.755,60.62,3246592.0,60.058137356592
2016-03-02,59.75,60.74,59.19,60.2,5805405.0,59.642030169364006
2016-03-01,61.1,61.5,58.98,60.43,4456211.0,59.869898390942
2016-02-29,60.33,61.68,59.9,60.96,19284507.0,60.394986031968
2016-02-26,61.21,61.8,60.55,60.67,3649628.0,60.107673926501
2016-02-25,59.14,60.9001,58.84,60.74,3227223.0,60.177025124371994
2016-02-24,56.3,58.1,55.765,57.88,1120703.0,57.343533325628
2016-02-23,56.42,57.02,55.51,56.63,983663.0,56.105119077924996
2016-02-22,56.71,57.02,56.24,56.66,662802.0,56.134841019869995
2016-02-19,55.52,56.74,55.11,56.37,1046457.0,55.847528914403
2016-02-18,56.03,56.38,55.49,55.6,1296543.0,55.084665737818
2016-02-17,56.08,56.47,55.36,55.91,1917689.0,55.391792471249
2016-02-16,54.05,57.54,54.05,55.7,1965426.0,55.183738877634
2016-02-12,56.25,57.955,53.43,54.73,2450854.0,54.222729421417
2016-02-11,56.88,57.275,56.0,56.51,1632769.0,55.986231310145996
2016-02-10,57.22,58.24,57.22,57.73,1642992.0,57.194923615903996
2016-02-09,56.7,57.58,56.54,56.99,1473255.0,56.461782381264
2016-02-08,58.7,59.355,56.29,57.2,2674132.0,56.669835974878
2016-02-05,59.36,59.595,57.82,58.99,1326500.0,58.443245177588
2016-02-04,59.22,59.38,58.52,59.32,1232680.0,58.770186538982
2016-02-03,59.86,60.37,58.06,58.95,1232078.0,58.403615921661995
2016-02-02,59.7,59.97,58.9301,59.28,1113642.0,58.730557283055
2016-02-01,58.45,60.29,58.385,60.03,1624649.0,59.473605831677
2016-01-29,58.23,59.33,57.73,58.89,1563307.0,58.344172037772
2016-01-28,59.26,59.45,57.84,58.13,1162236.0,57.591216175169
2016-01-27,59.1,59.88,58.39,58.82,1443548.0,58.274820839901
2016-01-26,57.52,59.26,57.3202,59.22,1513067.0,58.671113399165
2016-01-25,57.45,57.83,57.215,57.43,839018.0,56.897704196455
2016-01-22,56.82,57.57,56.37,57.52,812923.0,56.98687002229
2016-01-21,56.74,56.82,55.9301,56.35,1639922.0,55.82771428644
2016-01-20,55.76,57.05,55.0,56.6,2149816.0,56.075397135980005
2016-01-19,57.22,57.22,56.15,56.36,1584261.0,55.837621600422004
2016-01-15,55.47,56.81,55.325,56.49,1675553.0,55.966416682182995
2016-01-14,55.93,56.72,55.5,56.46,1343077.0,55.936694740237996
2016-01-13,56.61,56.83,55.48,55.52,1055047.0,55.005407225965
2016-01-12,56.1,56.86,55.94,56.49,1533967.0,55.966416682182995
2016-01-11,57.1,57.5478,55.46,55.88,1867598.0,55.362070529304
2016-01-08,58.89,59.3899,56.89,56.99,1233715.0,56.461782381264
2016-01-07,58.3,58.97,58.04,58.67,1140379.0,58.126211130176
2016-01-06,59.57,60.07,58.85,59.19,1179656.0,58.641391457221005
2016-01-05,59.25,60.29,58.9,60.06,1611309.0,59.503327773622
2016-01-04,59.21,59.87,58.29,58.86,1387142.0,58.314450095827
2015-12-31,61.2,61.57,60.75,60.85,417853.0,60.28600557816999
2015-12-30,61.73,61.8,61.4,61.41,405074.0,60.840815161141
2015-12-29,61.64,62.22,61.5701,61.91,346345.0,61.336180860221994
2015-12-28,60.78,61.24,60.54,61.21,387702.0,60.642668881507994
2015-12-24,60.88,61.16,60.71,60.91,247684.0,60.345449462059996
2015-12-23,60.9,61.29,60.36,61.04,425525.0,60.474244543821
2015-12-22,60.31,60.77,59.72,60.58,446071.0,60.018508100666
2015-12-21,60.11,60.41,59.67,60.05,589367.0,59.422305946911
2015-12-18,60.17,60.45,59.6,59.63,1265871.0,59.006696146782
2015-12-17,60.44,60.56,59.7691,60.26,654741.0,59.630110846975
2015-12-16,60.3,60.86,59.82,60.45,1427346.0,59.818124804175994
2015-12-15,60.21,60.36,59.07,59.94,1026191.0,59.313455761163
2015-12-14,60.04,60.1,59.11,59.68,752880.0,59.05617350394
2015-12-11,60.18,60.51,59.49,59.79,976414.0,59.165023689688
2015-12-10,60.82,61.17,60.37,60.87,988020.0,60.233734604304
2015-12-09,61.8,62.14,60.69,60.89,1357001.0,60.253525547166994
2015-12-08,62.45,62.92,61.93,62.2,933976.0,61.549832304709994
2015-12-07,63.08,63.45,62.7025,62.96,766739.0,62.301888133514005
2015-12-04,62.9,63.44,62.37,63.08,1972012.0,62.420633790692996
2015-12-03,62.4,62.79,62.16,62.61,1941147.0,61.955546633407
2015-12-02,61.72,62.56,61.61,62.44,1154214.0,61.78732361906901
2015-12-01,60.94,62.02,60.885,61.97,1004649.0,61.322236461783
2015-11-30,61.07,61.4,60.6,60.66,981332.0,60.02592970424
2015-11-27,61.09,61.43,60.87,61.11,293437.0,60.471225918662995
2015-11-25,61.34,61.405,60.71,60.95,365012.0,60.312898375757
2015-11-24,61.48,62.0,60.66,61.12,918156.0,60.481121390094
2015-11-23,61.37,62.13,60.95,61.71,616015.0,61.064954204559996
2015-11-20,61.35,61.87,60.96,61.26,881415.0,60.61965799013699
2015-11-19,60.58,61.13,60.1204,61.09,642148.0,60.4514349758
2015-11-18,60.51,61.115,60.4,60.85,671478.0,60.213943661441
2015-11-17,59.96,60.76,59.64,60.38,819311.0,59.748856504154
2015-11-16,59.47,60.31,59.23,60.05,708492.0,59.422305946911
2015-11-13,59.59,59.85,59.3,59.37,1042028.0,58.749413889559996
2015-11-12,60.42,60.78,59.62,59.65,887181.0,59.026487089646
2015-11-11,61.2,61.38,60.69,60.74,599730.0,60.105093475692996
2015-11-10,60.64,61.52,60.42,61.39,970180.0,60.748299118747994
2015-11-09,61.46,61.66,60.18,60.49,1026530.0,59.857706689902
2015-11-06,61.3,61.67,61.03,61.65,964617.0,61.005581375971005
2015-11-05,62.09,62.47,61.34,61.55,1021126.0,60.906626661653995
2015-11-04,62.32,62.38,61.8,62.03,1009660.0,61.381609290372
2015-11-03,62.37,62.45,61.54,62.09,1140830.0,61.440982118962005
2015-11-02,61.11,62.48,61.02,62.34,1252388.0,61.688368904753
2015-10-30,61.45,61.5925,60.63,60.85,1991311.0,60.213943661441
2015-10-29,59.53,61.87,58.775,60.57,1669852.0,59.936870461355
2015-10-28,58.24,59.48,58.08,59.27,2693356.0,58.650459175243995
2015-10-27,58.62,59.34,58.32,59.0,1687548.0,58.383281446590004
2015-10-26,58.95,59.33,58.23,58.81,1299981.0,58.195267489389
2015-10-23,58.94,59.15,58.65,58.76,1946481.0,58.145790132231
2015-10-22,58.0,58.98,57.54,58.64,2341770.0,58.027044475051
2015-10-21,57.25,57.89,56.89,57.75,1503998.0,57.146347517637
2015-10-20,56.86,56.99,56.67,56.96,622862.0,56.364605274538
2015-10-19,56.57,57.24,56.1301,56.87,854152.0,56.275546031653995
2015-10-16,55.99,56.77,55.96,56.66,1100517.0,56.067741131590004
2015-10-15,56.29,56.45,55.33,55.75,1320399.0,55.167253231311996
2015-10-14,56.75,56.92,55.93,56.03,1215146.0,55.444326431397
2015-10-13,56.39,56.95,55.02,56.67,1002534.0,56.077636603021
2015-10-12,56.42,56.76,56.19,56.65,1355405.0,56.057845660158
2015-10-09,55.27,56.52,55.2175,56.51,2022355.0,55.919309060115005
2015-10-08,54.21,55.218,53.06,55.15,1853887.0,54.573524945414
2015-10-07,53.04,54.61,52.726000000000006,54.48,2351228.0,53.910528359495004
2015-10-06,52.07,52.8,51.62,52.7,1913258.0,52.149134444666004
2015-10-05,51.45,52.44,51.28,52.32,2244973.0,51.773106530263995
2015-10-02,49.66,51.07,49.48,50.97,1792931.0,50.437217886995
2015-10-01,50.75,50.83,49.73,50.35,1378779.0,49.823698658233994
2015-09-30,51.21,51.35,50.32,50.57,1540873.0,50.041399029729995
2015-09-29,50.47,51.21,50.09,50.52,1073452.0,49.991921672572005
2015-09-28,51.8,51.9,50.16,50.46,1289350.0,49.932548843982
2015-09-25,53.03,53.09,51.54,51.92,1607615.0,51.377287672999
2015-09-24,52.67,53.13,52.11,52.6,1397061.0,52.050179730349996
2015-09-23,52.39,53.15,52.18,52.97,1048195.0,52.416312173319994
2015-09-22,52.35,53.16,51.83,52.51,1267173.0,51.890587689397
2015-09-21,53.29,53.8,52.6,53.11,1184562.0,52.483510039686
2015-09-18,53.08,53.95,52.79,52.86,2258490.0,52.236459060399
2015-09-17,53.16,54.355,52.76,53.55,1945898.0,52.918319763231004
2015-09-16,52.65,53.62,52.2,53.07,5111299.0,52.443981883
2015-09-15,53.8,54.72,53.38,54.35,887815.0,53.708882896948005
2015-09-14,53.11,53.85,53.11,53.62,1293247.0,52.987494037431
2015-09-11,52.09,52.8,51.91,52.59,556660.0,51.969644002769
2015-09-10,51.7,52.51,51.368,52.29,711623.0,51.673182827625
2015-09-09,52.84,52.93,51.61,51.7,604260.0,51.090142516507996
2015-09-08,51.97,52.46,51.18,52.41,637456.0,51.791767297683
2015-09-04,50.98,51.55,50.89,51.2,653800.0,50.596040557935
2015-09-03,51.98,52.17,51.41,51.67,735181.0,51.060496398994
2015-09-02,51.57,51.83,51.1,51.75,674908.0,51.139552712366
2015-09-01,51.24,51.53,50.5,50.74,1020775.0,50.141466756047
2015-08-31,53.04,53.44,52.26,52.41,649192.0,51.791767297683
2015-08-28,52.79,53.55,52.76,53.26,637910.0,52.631740627258
2015-08-27,53.38,53.64,52.35,53.26,909040.0,52.631740627258
2015-08-26,52.32,52.98,51.095,52.65,1236901.0,52.02893623779801
2015-08-25,52.71,52.83,51.06,51.06,951390.0,50.457692009534
2015-08-24,51.34,53.93,50.11,51.55,1340703.0,50.941911928936
2015-08-21,55.14,55.38,53.61,53.63,1105366.0,52.997376076602
2015-08-20,56.2,56.34,55.49,55.49,588884.0,54.83543536249601
2015-08-19,56.93,57.04,56.18,56.75,403790.0,56.080572298100996
2015-08-18,56.95,57.6123,56.92,57.19,956484.0,56.515382021646005
2015-08-17,56.61,57.08,56.325,56.74,716764.0,56.07069025893001
2015-08-14,56.97,57.29,56.625,56.79,565168.0,56.120100454787
2015-08-13,57.24,57.51,56.92,57.02,959198.0,56.347387355731
2015-08-12,55.49,57.35,55.22,57.29,1338259.0,56.614202413361
2015-08-11,55.96,56.21,55.47,55.97,881859.0,55.309773242727005
2015-08-10,56.23,56.44,56.02,56.2,485654.0,55.537060143671
2015-08-07,55.75,55.96,55.44,55.78,1107834.0,55.122014498469
2015-08-06,56.59,56.69,55.48,55.73,546517.0,55.072604302611
2015-08-05,56.5,56.73,56.03,56.44,943962.0,55.774229083786004
2015-08-04,55.96,56.42,55.63,55.88,664395.0,55.220834890183
2015-08-03,56.7,56.895,55.28,55.95,919155.0,55.290009164384
2015-07-31,56.05,57.14,55.74,56.91,1445939.0,56.238684924844996
2015-07-30,53.94,56.37,53.885,56.06,1948927.0,55.398711595269994
2015-07-29,52.58,53.78,52.55,53.74,1362420.0,53.106078507488
2015-07-28,51.93,52.59,51.59,52.58,605031.0,51.959761963598005
2015-07-27,51.8,52.03,51.48,51.6,561936.0,50.991322124793996
2015-07-24,52.73,52.8,51.8,51.97,432202.0,51.356957574138
2015-07-23,52.53,52.89,52.21,52.72,594600.0,52.098110511997994
2015-07-22,52.11,52.67,51.97,52.57,386675.0,51.949879924426
2015-07-21,52.41,52.57,51.72,52.13,609249.0,51.51507020088199
2015-07-20,52.75,52.82,52.32,52.49,443284.0,51.870823611055
2015-07-17,52.38,52.59,52.24,52.57,343299.0,51.949879924426
2015-07-16,52.68,52.7,52.22,52.49,394435.0,51.870823611055
2015-07-15,52.47,52.86,52.18,52.34,665440.0,51.722593023482
2015-07-14,52.35,52.62,52.15,52.47,457168.0,51.851059532712
2015-07-13,51.68,52.32,51.48,52.21,737958.0,51.594126514253
2015-07-10,51.39,51.64,51.04,51.44,665156.0,50.83320949805
2015-07-09,51.77,52.08,50.7,50.85,686181.0,50.250169186933
2015-07-08,51.97,52.19,51.13,51.24,511725.0,50.635568714621
2015-07-07,51.94,52.24,51.36,52.18,674496.0,51.56448039673899
2015-07-06,51.26,51.83,51.04,51.83,1027090.0,51.218609025737
2015-07-02,51.98,52.03,51.19,51.39,476613.0,50.783799302193
2015-07-01,51.92,51.9589,51.45,51.74,591842.0,51.129670673194
2015-06-30,51.81,52.15,51.43,51.55,663778.0,50.941911928936
2015-06-29,51.99,52.33,51.29,51.33,582618.0,50.724507067164
2015-06-26,52.48,52.64,52.19,52.33,1400033.0,51.712710984311
2015-06-25,52.24,52.35,51.92,52.33,574836.0,51.712710984311
2015-06-24,52.93,53.02,52.17,52.21,479487.0,51.594126514253
2015-06-23,53.36,53.5,52.8,53.1,874794.0,52.400862963837994
2015-06-22,53.34,53.72,53.06,53.41,1340800.0,52.706781372855
2015-06-19,53.01,53.305,52.88,53.05,1012225.0,52.351521284964
2015-06-18,52.84,53.63,52.76,53.175,666812.0,52.474875482148
2015-06-17,52.08,52.85,51.98,52.63,527370.0,51.937051182425
2015-06-16,51.72,52.1899,51.51,51.95,557398.0,51.26600434974301
2015-06-15,51.73,51.88,51.38,51.72,428870.0,51.039032626925
2015-06-12,52.48,52.58,52.07,52.11,395029.0,51.423897722138996
2015-06-11,52.74,52.86,52.33,52.75,527421.0,52.055471211722
2015-06-10,51.92,52.6,51.88,52.55,462565.0,51.858104496227
2015-06-09,52.12,52.19,51.78,51.88,320154.0,51.19692599932
2015-06-08,52.32,52.58,51.96,52.03,522158.0,51.344951035941
2015-06-05,51.8,52.33,51.24,52.27,584199.0,51.581791094535
2015-06-04,52.48,52.51,51.81,51.93,682804.0,51.246267678194
2015-06-03,52.57,52.78,52.095,52.73,680324.0,52.035734540172996
2015-06-02,51.99,52.57,51.62,52.33,392270.0,51.641001109182994
2015-06-01,52.29,52.69,51.9,52.31,835012.0,51.621264437634004
2015-05-29,52.03,52.13,51.45,52.035,788901.0,51.349885203829004
2015-05-28,51.83,52.19,51.49,52.15,662383.0,51.463371065238
2015-05-27,51.19,51.91,51.03,51.87,431992.0,51.187057663546
2015-05-26,51.89,51.99,51.0,51.17,894633.0,50.496274159314005
2015-05-22,52.24,52.29,51.83,51.86,656614.0,51.177189327770996
2015-05-21,52.48,52.64,52.02,52.37,810247.0,51.680474452282
2015-05-20,52.65,52.905,52.46,52.61,505734.0,51.917314510876
2015-05-19,52.72,52.72,52.11,52.64,713888.0,51.9469195182
2015-05-18,51.77,52.63,51.75,52.55,852808.0,51.858104496227
2015-05-15,51.83,52.0,51.5,51.99,736372.0,51.305477692842
2015-05-14,51.17,51.68,50.92,51.62,590241.0,50.940349269177
2015-05-13,50.71,50.945,50.44,50.83,1134496.0,50.160750742973
2015-05-12,50.2,50.6,49.89,50.49,724966.0,49.825227326632
2015-05-11,51.02,51.08,50.55,50.56,510950.0,49.894305677054994
2015-05-08,51.09,51.48,50.75,51.11,1069081.0,50.437064144666
2015-05-07,51.14,51.44,50.63,50.75,991798.0,50.081804056775
2015-05-06,52.06,52.5,50.49,50.89,1402450.0,50.219960757622005
2015-05-05,52.69,52.96,52.05,52.13,1296461.0,51.443634393689
2015-05-04,51.73,52.62,51.56,52.57,1188737.0,51.87784116777701
2015-05-01,51.17,51.64,50.91,51.43,762031.0,50.752850889456994
2015-04-30,50.96,51.25,50.42,51.0,943427.0,50.328512451144
2015-04-29,51.06,51.49,50.85,50.99,467457.0,50.318644115369
2015-04-28,51.15,51.54,50.48,51.48,422270.0,50.802192568331
2015-04-27,52.46,52.71,50.94,51.1,779544.0,50.427195808891
2015-04-24,52.26,52.6,51.75,52.42,487395.0,51.729816131156
2015-04-23,52.23,52.53,51.72,52.12,574306.0,51.433766057914
2015-04-22,51.9,52.6,51.69,52.33,956908.0,51.641001109182994
2015-04-21,51.76,52.19,51.4675,51.86,893365.0,51.177189327770996
2015-04-20,50.73,51.73,50.73,51.57,611862.0,50.891007590304
2015-04-17,50.49,50.56,50.03,50.36,555121.0,49.696938961561
2015-04-16,50.97,51.0,50.69,50.88,459714.0,50.210092421847
2015-04-15,51.53,51.56,51.02,51.065,413412.0,50.392656633678996
2015-04-14,51.26,51.51,50.89,51.28,619255.0,50.604825852836
2015-04-13,51.61,51.81,51.27,51.34,623883.0,50.664035867485
2015-04-10,51.36,51.79,51.25,51.7,563420.0,51.01929595537501
2015-04-09,50.79,51.38,50.7,51.37,549889.0,50.693640874809
2015-04-08,50.7,51.8,50.59,50.76,541098.0,50.09167239255
2015-04-07,50.82,51.28,50.62,50.63,482897.0,49.963384027479
2015-04-06,49.96,50.77,49.81,50.76,894745.0,50.09167239255
2015-04-02,50.16,50.72,49.97,50.23,457602.0,49.568650596489
2015-04-01,50.81,50.81,49.905,50.26,883774.0,49.598255603813
2015-03-31,51.08,51.41,50.87,50.89,702109.0,50.219960757622005
2015-03-30,51.0,51.3,50.88,51.28,566352.0,50.604825852836
2015-03-27,50.46,50.845,50.29,50.79,414523.0,50.121277399874
2015-03-26,50.45,50.8,50.2,50.52,556244.0,49.854832333956004
2015-03-25,51.68,52.04,50.575,50.69,631881.0,50.022594042127
2015-03-24,51.82,52.19,51.6,51.78,500876.0,51.025765720447
2015-03-23,51.74,52.23,51.56,51.92,854292.0,51.163726462062996
2015-03-20,52.18,52.37,51.4,51.8,1391419.0,51.045474397820996
2015-03-19,52.05,52.22,51.68,51.94,694700.0,51.183435139436
2015-03-18,51.11,52.33,50.763999999999996,52.075,1126639.0,51.31646871170901
2015-03-17,50.6,51.25,50.37,51.13,1170416.0,50.385233705803
2015-03-16,50.94,51.06,50.72,50.94,1423339.0,50.198001270753004
2015-03-13,51.31,51.395,50.02,50.54,1032218.0,49.803827723279
2015-03-12,51.41,51.86,51.14,51.3,897810.0,50.552757463479004
2015-03-11,50.99,51.45,50.97,51.09,990910.0,50.345816351055
2015-03-10,51.24,51.48,50.86,51.14,1117577.0,50.395088044489
2015-03-09,51.78,51.93,51.52,51.86,766804.0,51.104600429941996
2015-03-06,52.42,52.6,51.29,51.595,890426.0,50.843460454741
2015-03-05,52.37,52.79,52.37,52.64,757705.0,51.873238847515005
2015-03-04,52.7,53.01,52.09,52.3,1089868.0,51.538191332163
2015-03-03,53.17,53.32,52.6,53.08,836872.0,52.306829749736
2015-03-02,52.98,53.576,52.98,53.42,1206246.0,52.641877265088
2015-02-27,53.44,53.72,52.99,53.01,862085.0,52.237849378928004
2015-02-26,53.11,53.85,53.11,53.64,1052663.0,52.858672716198996
2015-02-25,52.68,53.32,52.37,53.23,795625.0,52.454644830038994
2015-02-24,52.13,52.645,51.8,52.57,1115927.0,51.804258476707
2015-02-23,52.57,52.71,51.92,52.0,1192353.0,51.242561171557
2015-02-20,52.39,52.75,52.16,52.53,1328473.0,51.76484112196
2015-02-19,53.0,53.24,52.4,52.57,1137023.0,51.804258476707
2015-02-18,52.0,53.72,51.57,53.56,2208979.0,52.779838006704
2015-02-17,52.6,53.0,52.08,52.65,1465564.0,51.883093186202004
2015-02-13,52.63,52.97,52.27,52.74,969150.0,51.971782234383
2015-02-12,51.78,52.45,51.4,52.42,812496.0,51.656443396405
2015-02-11,51.1,51.58,50.84,51.56,1372236.0,50.808970269336996
2015-02-10,50.18,51.05,49.99,51.0,1910979.0,50.257127302874004
2015-02-09,50.2,50.4097,49.82,50.01,627399.0,49.281547772877
2015-02-06,50.72,51.0199,50.34,50.53,528764.0,49.793973384592
2015-02-05,50.89,51.34,50.74,50.79,879800.0,50.05018619045
2015-02-04,50.57,51.14,50.38,50.67,627134.0,49.931934126208
2015-02-03,50.59,51.08,50.35,50.7,756275.0,49.961497142269
2015-02-02,50.2,50.74,49.42,50.5,817509.0,49.764410368532
2015-01-30,50.12,50.5,49.83,50.025,1366328.0,49.296329280907
2015-01-29,50.12,50.8,49.65,50.73,816971.0,49.991060158329
2015-01-28,50.51,50.89,49.99,49.99,612962.0,49.261839095503
2015-01-27,50.25,50.72,49.93,50.49,483514.0,49.754556029845
2015-01-26,50.7,50.92,50.24,50.75,615046.0,50.010768835703004
2015-01-23,50.77,51.23,50.49,50.89,1008077.0,50.148729577318
2015-01-22,50.0,50.94,49.71,50.88,1410497.0,50.138875238632004
2015-01-21,49.97,50.4,49.75,50.14,1072336.0,49.409654175806
2015-01-20,50.98,51.03,49.85,50.3,1136967.0,49.567323594795
2015-01-16,50.45,50.99,50.45,50.76,901694.0,50.02062317439
2015-01-15,51.25,51.26,50.52,50.59,938787.0,49.853099416713
2015-01-14,51.61,51.96,50.93,51.34,807642.0,50.592174818226006
2015-01-13,52.74,53.16,51.74,52.1,765563.0,51.341104558426
2015-01-12,52.87,53.24,52.19,52.26,713014.0,51.498773977415
2015-01-09,53.75,53.81,52.63,52.76,787772.0,51.991490911757005
2015-01-08,52.54,53.81,52.54,53.54,1412406.0,52.760129329331
2015-01-07,51.37,52.53,50.93,52.25,959763.0,51.488919638728
2015-01-06,51.59,52.1,50.92,50.93,1988397.0,50.188146932066005
2015-01-05,51.94,52.15,51.29,51.57,1469774.0,50.81882460802301
2015-01-02,52.13,53.12,51.88,51.93,1829006.0,51.173580800749995
2014-12-31,53.55,54.19,53.22,53.27,763644.0,52.494062184785996
2014-12-30,53.55,53.97,53.29,53.34,549287.0,52.563042555593995
2014-12-29,53.83,54.02,53.64,53.73,391740.0,52.94736176438
2014-12-26,53.75,54.38,53.75,53.84,297415.0,53.055759489936
2014-12-24,53.98,54.14,53.76,53.76,369208.0,52.976924780440996
2014-12-23,54.37,54.49,53.62,54.0,507571.0,53.213428908924996
2014-12-22,53.81,54.32,53.7,54.09,588704.0,53.237050451
2014-12-19,54.21,54.79,53.69,53.7,1333937.0,52.853200392285004
2014-12-18,54.05,54.12,53.31,54.1,807831.0,53.246892760198
2014-12-17,53.0,53.43,52.37,53.19,1194586.0,52.351242623196
2014-12-16,53.19,54.0,52.98,53.0,651406.0,52.164238748437995
2014-12-15,54.23,54.45,53.37,53.41,936399.0,52.567773425548
2014-12-12,53.99,54.775,53.99,54.21,1008452.0,53.355158161374
2014-12-11,54.47,55.15,54.35,54.45,647116.0,53.591373582121
2014-12-10,54.93,55.25,53.965,54.1,838786.0,53.246892760198
2014-12-09,55.54,55.56,54.67,55.3,777265.0,54.427969863936006
2014-12-08,55.94,56.1,55.21,55.645,1106369.0,54.767529531261
2014-12-05,55.61,56.25,55.56,56.025,861061.0,55.141537280777996
2014-12-04,55.65,55.905,55.42,55.61,915890.0,54.733081449068
2014-12-03,55.22,55.89,55.16,55.65,681131.0,54.772450685859994
2014-12-02,54.88,55.545,54.84,55.28,616156.0,54.40828524554
2014-12-01,53.62,55.08,53.59,54.74,1170032.0,53.876800548858
2014-11-28,54.91,55.37,54.5,54.98,315955.0,54.113015969605996
2014-11-26,54.38,54.72,54.3,54.52,546659.0,53.660269746506
2014-11-25,54.63,54.73,54.1,54.43,939196.0,53.571688963726
2014-11-24,54.09,54.5,53.985,54.48,536689.0,53.62090050971501
2014-11-21,54.06,54.15,53.08,53.9,998225.0,53.050046576240995
2014-11-20,52.91,53.68,52.91,53.51,808488.0,52.666196517526
2014-11-19,53.02,53.3,52.81,53.25,569665.0,52.410296478382996
2014-11-18,52.68,53.33,52.46,53.11,737252.0,52.272504149614
2014-11-17,52.17,52.69,51.97,52.61,781819.0,51.780388689723
2014-11-14,51.79,52.18,51.63,52.17,709396.0,51.347327085018996
2014-11-13,52.11,52.11,51.74,51.86,868429.0,51.042215499886
2014-11-12,51.61,52.075,51.525,51.95,647929.0,51.130796282667
2014-11-11,51.34,51.84,51.23,51.66,881073.0,50.84536931592999
2014-11-10,51.1,51.635,51.1,51.3,622847.0,50.491046184808
2014-11-07,52.02,52.06,51.18,51.25,1154078.0,50.441834638818996
2014-11-06,51.62,52.21,51.44,52.13,915474.0,51.307957848227
2014-11-05,51.1,51.67,50.85,51.62,884652.0,50.806000079139004
2014-11-04,50.7,50.99,50.55,50.77,961268.0,49.969403797324
2014-11-03,50.61,50.94,50.41,50.71,1032470.0,49.910349942137
2014-10-31,50.52,50.94,50.32,50.77,1468060.0,49.969403797324
2014-10-30,49.2,50.47,48.62,50.09,1799183.0,49.300126771871994
2014-10-29,47.75,49.41,47.51,49.32,1899400.0,48.542268963640005
2014-10-28,46.78,47.64,46.6,47.58,1181528.0,46.82970716322001
2014-10-27,46.06,46.78,46.0,46.73,743756.0,45.993110881405
2014-10-24,45.93,46.34,45.91,46.14,1001528.0,45.412414638734
2014-10-23,45.88,46.32,45.745,45.94,743854.0,45.215568454778
2014-10-22,46.1,46.1699,45.48,45.52,601325.0,44.802191468469
2014-10-21,44.95,45.95,44.72,45.935,880580.0,45.210647300179005
2014-10-20,44.33,44.91,43.83,44.76,1238138.0,44.05417596943499
2014-10-17,45.17,45.72,44.79,45.3,1226500.0,44.585660666117
2014-10-16,45.05,45.33,44.46,44.79,1567555.0,44.083702897029
2014-10-15,44.54,46.06,44.21,45.72,1871878.0,44.999037652426004
2014-10-14,44.69,45.03,44.5,44.89,973710.0,44.182125989007
2014-10-13,44.99,45.15,44.52,44.52,654852.0,43.817960548688
2014-10-10,45.14,45.43,44.91,44.93,854191.0,44.221495225797995
2014-10-09,45.59,46.01,45.04,45.04,591666.0,44.329760626974
2014-10-08,45.23,45.79,45.15,45.75,567499.0,45.028564580018994
2014-10-07,45.81,45.9,45.27,45.28,786073.0,44.565976047721996
2014-10-06,46.35,46.57,45.84,46.01,773012.0,45.284464619162996
2014-10-03,45.67,46.25,45.5601,46.18,774374.0,45.451783875524995
2014-10-02,45.31,45.6399,45.07,45.45,498874.0,44.733295304085
2014-10-01,45.6,45.67,45.07,45.31,1022505.0,44.595502975315
2014-09-30,45.9,46.06,45.51,45.6,744400.0,44.880929942052
2014-09-29,45.36,45.92,45.1164,45.895,484744.0,45.171278063388
2014-09-26,45.5,45.71,45.2,45.705,606676.0,44.984274188628994
2014-09-25,46.01,46.2,45.38,45.38,518562.0,44.6643991397
2014-09-24,45.75,46.25,45.67,46.22,401604.0,45.491153112317
2014-09-23,45.76,46.16,45.61,45.775,462200.0,44.988685272976
2014-09-22,46.56,46.69,45.98,46.04,849000.0,45.249133150580995
2014-09-19,46.96,46.97,46.54,46.595,691900.0,45.79459946028
2014-09-18,46.59,46.778,46.51,46.7,415400.0,45.897795789141995
2014-09-17,46.7,46.82,46.39,46.57,455000.0,45.770028905789005
2014-09-16,46.45,46.7299,46.29,46.57,419800.0,45.770028905789005
2014-09-15,46.82,46.82,46.47,46.63,382700.0,45.828998236568005
2014-09-12,47.03,47.12,46.64,46.75,480900.0,45.946936898124
2014-09-11,47.49,47.49,46.9,47.13,729100.0,46.320409326386994
2014-09-10,47.33,47.35,47.02,47.3,671800.0,46.487489096926005
2014-09-09,47.62,47.62,47.1,47.18,807900.0,46.36955043536899
2014-09-08,47.36,47.96,47.21,47.63,738300.0,46.811820416207
2014-09-05,47.89,47.89,47.14,47.55,673700.0,46.73319464183601
2014-09-04,47.85,48.17,47.5,47.62,516400.0,46.80199219441
2014-09-03,47.95,48.1,47.615,47.77,347700.0,46.949415521356
2014-09-02,47.91,48.01,47.7,47.78,398600.0,46.959243743153
2014-08-29,47.66,47.73,47.19,47.705,426700.0,46.88553207968
2014-08-28,47.85,48.0,47.21,47.585,469500.0,46.767593418123
2014-08-27,48.44,48.45,47.96,48.06,394800.0,47.234433953451
2014-08-26,48.4,48.49,48.22,48.395,370800.0,47.563679383631
2014-08-25,48.24,48.54,48.06,48.29,665900.0,47.460483054768
2014-08-22,47.68,48.23,47.6,47.99,657600.0,47.165636400877
2014-08-21,47.6,47.85,47.44,47.81,500900.0,46.988728408542
2014-08-20,47.5,47.7199,47.34,47.55,457100.0,46.73319464183601
2014-08-19,47.65,47.81,47.48,47.73,465800.0,46.910102634171
2014-08-18,47.56,47.86,47.3,47.58,556400.0,46.762679307225
2014-08-15,47.76,47.86,47.0,47.34,744300.0,46.526801984111
2014-08-14,47.28,47.68,47.16,47.65,398200.0,46.831476859799004
2014-08-13,45.88,47.23,45.88,47.19,287700.0,46.379378657166
2014-08-12,46.48,46.81,46.48,46.63,389800.0,45.828998236568005
2014-08-11,46.36,47.02,46.07,46.56,522700.0,45.760200683993
2014-08-08,46.11,46.26,45.72,46.24,579900.0,45.445697586508
2014-08-07,46.94,47.3,45.82,45.87,765600.0,45.082053380042
2014-08-06,46.29,47.04,46.1,46.83,397000.0,46.025562672495006
2014-08-05,46.85,47.45,46.365,46.41,1349000.0,45.612777357047
2014-08-04,46.47,46.84,46.08,46.82,661500.0,46.01573445069899
2014-08-01,46.25,46.78,46.09,46.47,652700.0,45.671746687825
2014-07-31,46.5,47.33,46.28,46.42,1046300.0,45.622605578843
2014-07-30,47.29,47.62,47.175,47.44,829000.0,46.625084202075
2014-07-29,47.36,47.41,47.01,47.21,694700.0,46.399035100758
2014-07-28,46.89,47.27,46.47,47.19,535100.0,46.379378657166
2014-07-25,46.77,46.86,46.63,46.83,350700.0,46.025562672495006
2014-07-24,46.85,46.99,46.69,46.89,241200.0,46.084532003274
2014-07-23,46.85,47.06,46.72,46.81,314400.0,46.005906228903
2014-07-22,46.69,47.14,46.69,46.95,479400.0,46.143501334052
2014-07-21,46.37,46.53,46.08,46.44,402200.0,45.642262022436
2014-07-18,46.42,46.67,46.14,46.62,471600.0,45.819170014771004
2014-07-17,47.06,47.3,46.21,46.27,1057700.0,45.475182251898005
2014-07-16,47.21,47.515,47.14,47.32,757600.0,46.507145540519
2014-07-15,47.25,47.47,46.87,47.03,521200.0,46.222127108423
2014-07-14,47.63,47.88,47.23,47.41,314400.0,46.595599536686
2014-07-11,47.5,47.54,47.21,47.46,350100.0,46.644740645668
2014-07-10,47.2,47.67,47.11,47.5,549900.0,46.684053532854
2014-07-09,47.61,47.7799,47.37,47.58,480100.0,46.762679307225
2014-07-08,47.69,47.71,47.29,47.49,759300.0,46.67422531105699
2014-07-07,47.84,47.94,47.27,47.81,657800.0,46.988728408542
2014-07-03,47.61,47.94,47.51,47.83,1181200.0,47.008384852134
2014-07-02,47.38,47.57,47.27,47.57,479100.0,46.752851085428
2014-07-01,47.54,47.83,47.27,47.51,928200.0,46.69388175465
2014-06-30,47.54,47.67,47.22,47.35,669300.0,46.536630205908004
2014-06-27,47.77,48.03,47.37,47.47,836500.0,46.654568867464
2014-06-26,48.0,48.12,47.72,47.95,352300.0,47.126323513691
2014-06-25,47.42,48.05,47.2701,48.02,467400.0,47.195121066266005
2014-06-24,47.61,48.02,47.55,47.56,522600.0,46.678623471608
2014-06-23,47.61,47.82,47.38,47.55,802200.0,46.668808790474
2014-06-20,47.93,47.93,47.59,47.72,959400.0,46.835658369746
2014-06-19,47.91,47.95,47.67,47.77,385200.0,46.884731775414
2014-06-18,47.64,47.83,47.49,47.81,803700.0,46.923990499949
2014-06-17,47.77,48.04,47.63,47.69,602100.0,46.80621432634499
2014-06-16,47.8,48.11,47.68,47.87,1553900.0,46.982878586751006
2014-06-13,47.92,47.94,47.57,47.8,777100.0,46.914175818815
2014-06-12,47.92,47.98,47.28,47.85,1086100.0,46.963249224483995
2014-06-11,47.97,48.1,47.905,48.04,708800.0,47.149728166022996
2014-06-10,48.1,48.12,47.95,48.085,408800.0,47.193894231124
2014-06-09,48.23,48.38,48.06,48.21,720300.0,47.316577745295
2014-06-06,48.0,48.32,47.86,48.26,934300.0,47.365651150963004
2014-06-05,47.84,48.09,47.54,47.9,622900.0,47.012322630152
2014-06-04,47.57,47.77,47.45,47.75,468000.0,46.865102413147
2014-06-03,47.13,47.73,47.07,47.69,755900.0,46.80621432634499
2014-06-02,47.39,47.58,47.11,47.35,563100.0,46.472515167801
2014-05-30,47.19,47.49,47.17,47.29,587000.0,46.413627081
2014-05-29,47.4,47.42,47.02,47.31,551600.0,46.433256443267005
2014-05-28,47.08,47.35,46.8201,47.24,594800.0,46.364553675331
2014-05-27,47.17,47.24,46.82,47.1,569600.0,46.22714813946
2014-05-23,46.81,47.02,46.505,46.9,465300.0,46.030854516787
2014-05-22,46.66,47.12,46.48,46.89,808400.0,46.021039835654
2014-05-21,46.5,46.9,46.25,46.77,400900.0,45.90326366205
2014-05-20,46.57,46.6,45.82,46.36,689100.0,45.500861735571
2014-05-19,46.3,46.81,46.19,46.67,585400.0,45.80511685071399
2014-05-16,46.33,46.4,45.855,46.39,834200.0,45.53030577897199
2014-05-15,46.02,46.22,45.57,45.96,675100.0,45.108274490225
2014-05-14,46.54,46.663999999999994,45.975,46.16,797100.0,45.304568112898
2014-05-13,46.45,46.65,46.305,46.58,739600.0,45.716784720511
2014-05-12,46.29,46.8,46.16,46.44,729000.0,45.579379184640004
2014-05-09,45.44,46.26,45.34,46.15,949800.0,45.294753431764
2014-05-08,45.55,46.24,45.53,45.67,1175900.0,44.823648737349004
2014-05-07,45.52,45.8262,45.2,45.71,1872700.0,44.862907461884
2014-05-06,46.04,46.47,45.34,45.4,2084200.0,44.558652346741
2014-05-05,44.98,45.72,44.67,45.47,1828000.0,44.627355114676
2014-05-02,45.0,45.73,44.88,45.21,1529200.0,44.372173405202
2014-05-01,44.73,45.201,44.46,44.98,801600.0,44.146435739128
2014-04-30,44.33,44.64,44.18,44.63,684900.0,43.80292189945
2014-04-29,44.8,45.03,44.51,44.53,550000.0,43.704775088114005
2014-04-28,44.4,44.805,44.12,44.58,724700.0,43.753848493781994
2014-04-25,44.58,44.88,44.17,44.34,1111900.0,43.518296146575004
2014-04-24,45.31,45.31,44.65,44.72,628200.0,43.891254029653
2014-04-23,45.08,45.43,44.82,45.04,1078100.0,44.205323825929995
2014-04-22,45.45,45.45,44.62,45.1,1041900.0,44.264211912732
2014-04-21,45.32,45.47,44.97,45.29,692400.0,44.450690854271
2014-04-17,44.62,45.58,44.42,45.19,873100.0,44.352544042934
2014-04-16,44.87,44.87,44.21,44.7,758500.0,43.871624667386
2014-04-15,44.58,45.01,43.85,44.65,757200.0,43.822551261718
2014-04-14,44.82,45.04,44.06,44.51,874700.0,43.68514572584699
2014-04-11,44.76,45.11,44.33,44.5,1259800.0,43.675331044713005
2014-04-10,46.37,46.37,45.04,45.06,972500.0,44.224953188197006
2014-04-09,46.17,46.48,45.88,46.3,833400.0,45.441973648769
2014-04-08,45.87,46.53,45.62,46.11,1390900.0,45.25549470722999
2014-04-07,46.89,47.1,45.86,46.05,925200.0,45.196606620428
2014-04-04,47.66,47.87,46.73,46.85,922700.0,45.981781111119005
2014-04-03,47.6,47.75,47.16,47.46,1570800.0,46.580476660270996
2014-04-02,47.07,47.71,46.76,47.65,1521900.0,46.766955601811
2014-04-01,46.22,47.015,45.95,47.0,1286500.0,46.129001328124
2014-03-31,45.66,46.19,45.41,46.04,783400.0,45.186791939294004
2014-03-28,45.41,45.99,45.3,45.49,626100.0,44.646984476944
2014-03-27,45.56,45.56,45.14,45.21,602100.0,44.372173405202
2014-03-26,45.58,45.74,45.27,45.47,1016400.0,44.627355114676
2014-03-25,45.34,45.71,45.08,45.55,1018300.0,44.640830667292995
2014-03-24,45.78,45.784,45.0062,45.13,1111500.0,44.229213787375
2014-03-21,46.24,46.35,45.54,45.73,1115600.0,44.817237901542995
2014-03-20,45.66,45.81,45.4,45.79,429800.0,44.876040312959994
2014-03-19,45.8,46.18,45.53,45.78,472600.0,44.866239911056994
2014-03-18,45.66,45.92,45.39,45.88,599500.0,44.964243930085004
2014-03-17,45.12,45.67,45.12,45.56,815900.0,44.650631069195995
2014-03-14,45.29,45.42,44.76,44.86,936000.0,43.964602935999004
2014-03-13,45.85,46.0,45.11,45.29,570100.0,44.386020217820004
2014-03-12,46.03,46.38,45.71,45.79,714700.0,44.876040312959994
2014-03-11,46.53,46.62,46.1,46.2,420600.0,45.277856790975
2014-03-10,46.87,47.03,46.2,46.44,731900.0,45.513066436643
2014-03-07,46.09,46.89,45.87,46.86,1210500.0,45.924683316561
2014-03-06,46.19,46.5,45.83,45.89,976200.0,44.974044331988004
2014-03-05,46.14,46.23,45.81,46.13,939200.0,45.209253977656005
2014-03-04,45.29,46.31,45.24,46.17,1061300.0,45.248455585267
2014-03-03,45.29,45.62,44.91,44.94,1135800.0,44.043006151221
2014-02-28,45.52,45.68,45.01,45.38,1372700.0,44.474223834945
2014-02-27,45.25,45.46,45.2,45.39,1444500.0,44.484024236848
2014-02-26,45.31,45.65,45.08,45.16,1131900.0,44.258614993083
2014-02-25,45.04,45.51,44.96,45.29,1310400.0,44.386020217820004
2014-02-24,45.17,45.52,44.97,45.11,1180400.0,44.209612983569
2014-02-21,45.45,45.76,44.98,45.0,2210400.0,44.101808562638
2014-02-20,44.98,45.52,44.6,45.47,895700.0,44.56242745207
2014-02-19,45.17,45.52,44.545,44.69,1305200.0,43.797996103651
2014-02-18,43.0,45.92,43.0,45.69,2367300.0,44.778036293932
2014-02-14,46.01,46.67,45.81,46.24,1679500.0,45.317058398587
2014-02-13,45.64,46.45,45.29,45.99,1119700.0,45.072048351015994
2014-02-12,46.2,46.61,45.87,45.97,1014700.0,45.052447547210996
2014-02-11,45.71,46.44,45.42,46.28,818000.0,45.356260006198
2014-02-10,45.68,45.9,45.38,45.83,1062100.0,44.915241920571006
2014-02-07,45.45,45.73,45.22,45.61,911300.0,44.699633078709994
2014-02-06,45.01,45.39,44.7,45.32,928100.0,44.415421423528
2014-02-05,44.72,45.155,44.46,44.98,592100.0,44.082207758833
2014-02-04,45.17,45.19,44.58,44.92,1164100.0,44.023405347416
2014-02-03,46.2,46.34,44.905,44.95,1195000.0,44.052806553124
2014-01-31,46.03,46.24,45.7,46.14,714600.0,45.219054379559005
2014-01-30,46.31,46.81,46.1,46.6,809000.0,45.669872867088
2014-01-29,45.86,46.4,45.72,46.05,666200.0,45.130850762433006
2014-01-28,45.75,46.47,45.3401,46.19,1141200.0,45.268056389073
2014-01-27,43.795,46.1,42.99,45.86,1145100.0,44.944643126280006
2014-01-24,46.76,46.91,45.83,45.84,1520900.0,44.925042322474006
2014-01-23,47.42,48.0425,46.91,47.03,1360800.0,46.091290148908
2014-01-22,47.93,48.39,47.62,47.78,736400.0,46.826320291619
2014-01-21,48.32,48.7175,47.96,48.02,1012600.0,47.061529937287
2014-01-17,48.34,48.34,47.845,47.9,1008000.0,46.943925114453
2014-01-16,48.14,48.38,48.03,48.26,1046200.0,47.296739582954
2014-01-15,48.86,48.88,48.29,48.31,957900.0,47.345741592468
2014-01-14,48.48,48.86,48.33,48.73,607600.0,47.757358472385995
2014-01-13,48.95,49.0,48.23,48.31,729700.0,47.345741592468
2014-01-10,48.88,49.125,48.73,48.95,2028500.0,47.972967314248
2014-01-09,48.67,48.95,48.57,48.91,628000.0,47.933765706636
2014-01-08,48.75,48.98,48.57,48.73,801600.0,47.757358472385995
2014-01-07,48.05,48.735,48.01,48.64,2218300.0,47.669154855261
2014-01-06,48.32,48.44,47.74,47.9,986700.0,46.943925114453
2014-01-03,48.24,48.43,47.96,48.19,623300.0,47.228136769634
2014-01-02,47.94,48.3075,47.7821,47.96,1025400.0,47.00272752587
2013-12-31,48.55,48.69,48.32,48.48,434400.0,47.512348424816
2013-12-30,48.49,48.5,48.32,48.47,287500.0,47.502548022913
2013-12-27,48.7,48.7,48.255,48.34,511800.0,47.375142798176
2013-12-26,48.77,48.96,48.485,48.55,464700.0,47.58095123813501
2013-12-24,48.96,49.07,48.54,48.74,354600.0,47.767158874288995
2013-12-23,48.53,48.99,48.3,48.86,753800.0,47.823439016398
2013-12-20,48.46,48.61,48.02,48.43,5960900.0,47.402561431931
2013-12-19,47.99,48.47,47.62,48.33,882900.0,47.304682923915
2013-12-18,47.57,48.22,47.1,48.21,804800.0,47.187228714297
2013-12-17,47.64,47.81,47.17,47.46,677800.0,46.453139904180006
2013-12-16,47.97,48.228,47.47,47.67,871200.0,46.658684771013
2013-12-13,48.41,48.605,47.8,47.84,822400.0,46.825078234638994
2013-12-12,48.47,48.6,47.931999999999995,48.24,1286900.0,47.216592266701
2013-12-11,48.5,50.99,48.36,48.49,2004000.0,47.46128853674
2013-12-10,47.49,48.18,47.44,48.07,707300.0,47.050198803075
2013-12-09,47.87,48.045,47.52,47.57,602900.0,46.560806262997
2013-12-06,47.5,48.08,47.24,47.87,751600.0,46.854441787044
2013-12-05,47.26,47.48,46.83,46.94,803000.0,45.944171662498995
2013-12-04,46.96,47.66,46.8619,47.28,753100.0,46.276958589752
2013-12-03,47.31,47.32,47.01,47.22,765500.0,46.218231484943
2013-12-02,47.56,47.63,47.275,47.38,590100.0,46.374837097768
2013-11-29,47.67,47.79,47.42,47.56,255200.0,46.551018412195994
2013-11-27,47.92,48.01,47.56,47.69,352800.0,46.678260472615996
2013-11-26,47.88,48.02,47.6,47.72,629600.0,46.707624025019996
2013-11-25,48.05,48.13,47.75,47.84,434800.0,46.825078234638994
2013-11-22,47.83,47.98,47.65,47.85,615200.0,46.834866085441
2013-11-21,48.14,48.17,47.76,47.86,887000.0,46.844653936242
2013-11-20,48.17,48.33,47.72,47.83,575400.0,46.815290383838
2013-11-19,48.56,48.93,47.85,48.15,781900.0,47.128501609486996
2013-11-18,48.72,48.97,48.29,48.49,533400.0,47.46128853674
2013-11-15,48.6,48.97,48.35,48.62,658800.0,47.588530597159995
2013-11-14,48.25,48.65,48.08,48.55,625500.0,47.520015641548994
2013-11-13,47.9,48.12,47.55,48.1,772400.0,47.079562355479005
2013-11-12,47.35,48.16,47.35,48.0,761200.0,46.981683847464
2013-11-11,47.65,47.91,47.44,47.59,680500.0,46.5803819646
2013-11-08,47.11,47.83,47.06,47.81,801300.0,46.795714682234
2013-11-07,47.61,47.69,47.13,47.15,682500.0,46.149716529332
2013-11-06,47.2,47.53,47.02,47.33,440900.0,46.325897843759996
2013-11-05,47.3,47.44,46.98,47.14,552300.0,46.13992867853
2013-11-04,47.17,47.48,47.12,47.45,769200.0,46.443352053378
2013-11-01,47.3,47.43,46.81,47.15,784100.0,46.149716529332
2013-10-31,46.81,47.23,46.55,47.105,882000.0,46.105671200725006
2013-10-30,45.86,46.99,45.71,46.78,1027700.0,45.787566049674
2013-10-29,45.0,45.76,44.63,45.71,1345700.0,44.740266013908006
2013-10-28,44.88,45.18,44.805,44.98,1037000.0,44.025752905394
2013-10-25,45.11,45.11,44.82,45.0,672800.0,44.045328606997
2013-10-24,45.44,45.48,44.99,45.0,711200.0,44.045328606997
2013-10-23,45.45,45.56,45.28,45.455,528100.0,44.490675818468
2013-10-22,46.04,46.11,45.5,45.55,490300.0,44.583660401083
2013-10-21,45.65,46.1,45.44,45.73,1267300.0,44.759841715510994
2013-10-18,45.03,45.945,45.03,45.7,923200.0,44.730478163106
2013-10-17,44.32,45.46,44.31,45.41,1303300.0,44.446630489861
2013-10-16,44.48,44.8575,44.4,44.5,915100.0,43.555936066920005
2013-10-15,44.63,44.63,44.15,44.29,718600.0,43.350391200087
2013-10-14,44.32,44.76,44.04,44.73,460800.0,43.78105663535499
2013-10-11,43.82,44.585,43.8,44.57,437800.0,43.624451022531005
2013-10-10,43.84,44.11,43.56,44.09,495700.0,43.15463418405599
2013-10-09,43.68,43.79,43.41,43.53,784200.0,42.606514539169
2013-10-08,43.96,44.39,43.49,43.53,1086600.0,42.606514539169
2013-10-07,44.15,44.55,43.92,43.94,672800.0,43.007816422033
2013-10-04,43.94,44.81,43.48,44.49,1424400.0,43.546148216118
2013-10-03,43.75,43.81,43.18,43.22,1009200.0,42.303091164320996
2013-10-02,43.26,43.87,42.99,43.85,630700.0,42.919725764819
2013-10-01,43.51,43.77,43.32,43.62,710100.0,42.694605196383
2013-09-30,43.08,43.46,42.98,43.415,783500.0,42.493954254951
2013-09-27,43.37,43.52,43.25,43.39,761000.0,42.469484627947004
2013-09-26,43.64,43.64,43.38,43.51,928400.0,42.586938837566
2013-09-25,43.87,43.94,43.415,43.43,865000.0,42.508636031153
2013-09-24,44.12,44.3,43.805,43.92,642700.0,42.926465355826004
2013-09-23,43.89,44.24,43.6699,44.1,662000.0,43.102393492530005
2013-09-20,44.4,44.42,43.96,44.08,963900.0,43.082845921785
2013-09-19,44.71,44.93,44.28,44.31,569800.0,43.307642985352004
2013-09-18,44.41,44.58,44.0,44.51,770900.0,43.503118692800996
2013-09-17,44.6,44.7,44.45,44.51,588800.0,43.503118692800996
2013-09-16,44.72,45.06,44.47,44.54,805300.0,43.532440048918
2013-09-13,44.65,44.65,44.09,44.11,482900.0,43.112167277902
2013-09-12,44.85,45.04,44.5025,44.53,709900.0,43.522666263546
2013-09-11,44.34,45.37,44.34,45.15,1131400.0,44.128640956638
2013-09-10,43.41,44.42,43.4,44.38,1571700.0,43.376059482959
2013-09-09,42.86,43.525,42.83,43.3,1235500.0,42.320490662733995
2013-09-06,42.7,42.96,42.09,42.84,820300.0,41.870896535601
2013-09-05,42.14,42.45,42.07,42.43,439100.0,41.47017133533
2013-09-04,41.92,42.42,41.92,42.2,477600.0,41.245374271763
2013-09-03,42.42,42.58,41.855,42.0,1203000.0,41.049898564314
2013-08-30,42.12,42.14,41.86,41.99,945500.0,41.040124778942
2013-08-29,41.77,42.36,41.71,42.045,565500.0,41.09388059849
2013-08-28,41.97,42.14,41.72,42.11,701800.0,41.157410203411004
2013-08-27,41.78,41.91,41.57,41.83,925100.0,40.883744212983
2013-08-26,42.25,42.46,42.07,42.1,640800.0,41.147636418039
2013-08-23,42.32,42.53,42.091,42.27,673900.0,41.313790769370996
2013-08-22,41.62,42.3,41.58,42.29,684100.0,41.333338340116
2013-08-21,41.57,41.91,41.31,41.59,702900.0,40.649173364043996
2013-08-20,41.94,41.95,41.59,41.87,549600.0,40.922839354471996
2013-08-19,41.97,42.16,41.7,41.79,588100.0,40.844649071493
2013-08-16,42.03,42.21,41.7,41.98,775500.0,41.030350993569
2013-08-15,42.51,42.63,42.0,42.15,1112800.0,41.196505344901
2013-08-14,42.75,42.81,42.55,42.71,519800.0,41.743837325759
2013-08-13,42.69,42.8899,42.44,42.72,446300.0,41.753611111131
2013-08-12,42.44,42.9,42.33,42.71,380200.0,41.743837325759
2013-08-09,42.52,42.84,42.38,42.57,639900.0,41.607004330544
2013-08-08,42.52,42.79,42.365,42.76,558300.0,41.792706252621
2013-08-07,42.52,42.56,42.31,42.4,546800.0,41.440849979213
2013-08-06,42.71,42.71,42.33,42.58,952700.0,41.616778115917
2013-08-05,42.92,43.0,42.59,42.7,391900.0,41.734063540385996
2013-08-02,42.74,43.0,42.26,42.97,735500.0,41.997955745442
2013-08-01,42.4,43.1,41.9901,42.9,1561500.0,41.929539247835
2013-07-31,42.38,43.01,42.25,42.88,1093600.0,41.90999167709
2013-07-30,42.1,42.5,42.05,42.25,622000.0,41.294243198626
2013-07-29,42.0,42.36,41.81,42.1,516500.0,41.147636418039
2013-07-26,41.9,42.21,41.48,42.15,787700.0,41.196505344901
2013-07-25,42.15,42.63,41.945,42.08,738300.0,41.128088847294
2013-07-24,42.6,42.7,42.24,42.32,897400.0,41.362659696233
2013-07-23,40.8129,42.66,40.8129,42.5,643500.0,41.538587832937004
2013-07-22,42.5,42.71,42.28,42.67,948400.0,41.704742184269
2013-07-19,42.4,42.5,42.23,42.42,887200.0,41.460397549957
2013-07-18,42.11,42.49,41.96,42.4,563300.0,41.440849979213
2013-07-17,42.13,42.25,41.96,42.1,421000.0,41.147636418039
2013-07-16,42.12,42.25,41.88,42.02,795500.0,41.069446135058996
2013-07-15,41.96,42.18,41.81,42.0,371200.0,41.049898564314
2013-07-12,42.16,42.29,41.84,41.99,861100.0,41.040124778942
2013-07-11,42.28,42.46,41.7447,42.18,690200.0,41.225826701018
2013-07-10,41.8,42.05,41.75,41.87,699300.0,40.922839354471996
2013-07-09,41.98,42.08,41.89,41.96,414900.0,41.010803422824004
2013-07-08,41.98,41.98,41.54,41.8,491600.0,40.854422856865
2013-07-05,41.51,41.83,40.87,41.83,572500.0,40.883744212983
2013-07-03,40.82,41.25,40.82,41.14,809200.0,40.209353022283004
2013-07-02,41.11,41.55,40.88,41.1,894500.0,40.170257880793
2013-07-01,41.32,41.65,40.972,41.16,684100.0,40.228900593028
2013-06-28,41.01,41.37,40.8,40.96,1224800.0,40.033424885579
2013-06-27,40.6,41.3,40.6,41.23,690600.0,40.297317090635
2013-06-26,40.56,40.75,40.44,40.47,424600.0,39.554509402329
2013-06-25,40.57,40.65,40.09,40.24,900900.0,39.269067004248
2013-06-24,40.66,40.79,39.9,40.38,1106100.0,39.405689006748
2013-06-21,40.68,41.07,40.28,40.87,1285800.0,39.883866015498
2013-06-20,40.61,40.68,40.19,40.44,1012100.0,39.464241293534
2013-06-19,41.73,41.73,40.99,41.12,638600.0,40.127833877105
2013-06-18,41.6,41.91,41.54,41.78,507300.0,40.771909031747
2013-06-17,41.25,41.66,41.25,41.58,1119900.0,40.576734742462
2013-06-14,41.31,41.44,40.92,41.01,427200.0,40.020488017998
2013-06-13,41.56,41.65,40.61,41.38,658900.0,40.381560453176
2013-06-12,41.21,41.32,40.82,40.92,520700.0,39.932659587818996
2013-06-11,41.06,41.32,40.85,41.0,622800.0,40.010729303533004
2013-06-10,41.43,41.48,41.13,41.41,964900.0,40.410836596569
2013-06-07,41.29,41.6,41.16,41.41,883300.0,40.410836596569
2013-06-06,41.4,41.54,40.75,41.13,852500.0,40.137592591568996
2013-06-05,41.85,41.97,41.4,41.43,886200.0,40.430354025496996
2013-06-04,42.25,42.44,41.86,41.91,895700.0,40.898772319783
2013-06-03,41.88,42.24,41.615,42.23,874700.0,41.211051182639
2013-05-31,41.76,42.46,41.69,41.76,759600.0,40.752391602818
2013-05-30,41.71,42.15,41.71,42.0,602300.0,40.986600749961
2013-05-29,41.98,42.13,41.54,41.85,1050000.0,40.840220032996996
2013-05-28,41.46,42.14,41.26,42.11,897100.0,41.093946609068
2013-05-24,41.24,41.255,40.89,41.15,1708900.0,40.157110020498
2013-05-23,41.45,41.87,41.31,41.51,901200.0,40.508423741212
2013-05-22,42.17,42.62,41.2901,41.47,984600.0,40.469388883354
2013-05-21,42.27,42.38,42.03,42.31,905800.0,41.289120898354
2013-05-20,41.99,42.54,41.94,42.18,549000.0,41.162257610318
2013-05-17,42.45,42.53,42.14,42.28,998700.0,41.259844754961
2013-05-16,42.5,42.51,41.975,42.18,1452600.0,41.162257610318
2013-05-15,42.75,42.89,42.43,42.53,975900.0,41.503812616568
2013-05-14,42.0,42.81,41.795,42.8,1104200.0,41.767297907103
2013-05-13,42.47,42.625,41.925,42.04,1034500.0,41.025635607817996
2013-05-10,42.57,43.07,42.452,42.64,951100.0,41.611158475675
2013-05-09,40.55,42.65,40.5,42.45,2811800.0,41.425742900854004
2013-05-08,43.39,44.21,43.21,44.2,917800.0,43.133517932102
2013-05-07,42.97,43.4,42.8734,43.39,603400.0,42.343062060496
2013-05-06,42.62,43.11,42.51,43.0,682100.0,41.962472196389
2013-05-03,42.5,42.875,42.27,42.66,611900.0,41.630675904603
2013-05-02,42.11,42.22,41.69,42.11,592000.0,41.093946609068
2013-05-01,42.23,42.46,41.78,41.82,656100.0,40.810943889604
2013-04-30,42.05,42.37,41.71,42.35,698700.0,41.328155756211
2013-04-29,41.72,42.25,41.44,42.2,494600.0,41.181775039247
2013-04-26,41.9,42.02,41.43,41.63,450200.0,40.625528314783004
2013-04-25,41.99,42.2,41.79,41.91,427000.0,40.898772319783
2013-04-24,41.7,41.95,41.7,41.76,550700.0,40.752391602818
2013-04-23,41.23,41.65,41.1,41.65,488900.0,40.645045743711
2013-04-22,41.51,41.52,40.83,41.1,455400.0,40.108316448176
2013-04-19,41.36,41.59,40.77,41.56,569000.0,40.557217313533
2013-04-18,41.37,41.43,40.71,40.86,560200.0,39.874107301034
2013-04-17,41.78,42.09,41.345,41.43,712700.0,40.430354025496996
2013-04-16,41.34,42.25,41.12,42.22,738400.0,41.201292468175
2013-04-15,42.5,42.5,41.18,41.19,682400.0,40.196144878355
2013-04-12,42.21,42.27,41.89,42.04,680800.0,41.025635607817996
2013-04-11,41.97,42.4,41.79,42.22,586700.0,41.201292468175
2013-04-10,41.37,41.99,41.28,41.87,674700.0,40.859737461925995
2013-04-09,41.27,41.38,40.98,41.3,494600.0,40.303490737462
2013-04-08,40.68,41.13,40.64,41.13,557100.0,40.137592591568996
2013-04-05,40.62,40.8,40.4001,40.73,563000.0,39.747244012997996
2013-04-04,40.99,41.4075,40.81,41.23,577300.0,40.235179736212004
2013-04-03,41.53,41.628,40.71,40.87,934100.0,39.883866015498
2013-04-02,42.49,42.62,41.495,41.62,883500.0,40.615769600319
2013-04-01,42.38,42.5,41.9,42.11,579700.0,41.093946609068
2013-03-28,41.89,42.5,41.63,42.44,668100.0,41.415984186389
2013-03-27,41.62,41.89,41.42,41.76,598800.0,40.752391602818
2013-03-26,41.71,42.21,41.68,41.9,633500.0,40.889013605318
2013-03-25,42.11,42.175,41.42,41.67,351800.0,40.603996352305
2013-03-22,41.75,42.04,41.6301,42.01,540900.0,40.935298458372
2013-03-21,42.11,42.38,41.57,41.57,888700.0,40.506554556404
2013-03-20,42.33,42.54,42.14,42.39,1049900.0,41.305577282799
2013-03-19,41.77,42.052,41.46,41.92,653000.0,40.84760084206
2013-03-18,41.88,42.33,41.64,41.67,504400.0,40.603996352305
2013-03-15,42.41,42.61,42.12,42.33,961800.0,41.247112205258006
2013-03-14,42.65,42.65,42.32,42.62,607000.0,41.529693413372996
2013-03-13,42.75,42.79,42.4,42.49,604800.0,41.403019078701
2013-03-12,42.76,42.8,42.52,42.75,618800.0,41.656367748045994
2013-03-11,42.77,43.63,42.45,42.86,425500.0,41.763553723537996
2013-03-08,42.76,42.86,42.51,42.74,296300.0,41.646623568455
2013-03-07,42.47,42.59,42.15,42.54,560900.0,41.451739976652
2013-03-06,42.11,42.42,42.06,42.29,568000.0,41.208135486897
2013-03-05,41.45,42.295,41.45,42.01,888500.0,40.935298458372
2013-03-04,41.13,41.315,40.94,41.29,748100.0,40.233717527878
2013-03-01,41.27,41.53,40.86,41.16,1035200.0,40.107043193206
2013-02-28,41.32,41.655,41.24,41.42,532400.0,40.360391862551
2013-02-27,41.0,41.5,40.88,41.3,647600.0,40.243461707469
2013-02-26,40.89,41.35,40.74,40.88,724200.0,39.834206164681
2013-02-25,42.02,42.34,40.85,40.86,952600.0,39.8147178055
2013-02-22,41.44,41.9,41.39,41.78,727900.0,40.711182327797
2013-02-21,42.87,42.8899,41.28,41.31,1277200.0,40.253205887059
2013-02-20,43.05,43.45,42.47,43.0,920400.0,41.8999722378
2013-02-19,42.78,43.51,42.78,43.49,1226800.0,42.377437037719005
2013-02-15,42.73,42.9,42.57,42.8,712600.0,41.705088645996
2013-02-14,42.89,43.0,42.68,42.91,759900.0,41.812274621488
2013-02-13,42.89,43.39,42.7,43.08,851300.0,41.977925674522
2013-02-12,42.82,42.99,42.69,42.87,358000.0,41.773297903128
2013-02-11,42.87,42.9,42.665,42.84,422300.0,41.744065364357
2013-02-08,42.66,42.88,42.59,42.87,624400.0,41.773297903128
2013-02-07,42.71,42.85,42.15,42.52,445700.0,41.432251617470996
2013-02-06,42.22,42.7,41.95,42.7,567300.0,41.607646850095
2013-02-05,42.19,42.44,42.03,42.39,398500.0,41.305577282799
2013-02-04,42.18,42.5,41.8,42.05,463500.0,40.974275176732
2013-02-01,42.0,42.69,41.87,42.47,702900.0,41.38353071952
2013-01-31,42.08,42.18,41.59,41.76,920700.0,40.691693968617
2013-01-30,42.1,42.22,41.84,41.96,474700.0,40.886577560421
2013-01-29,42.04,42.22,41.99,42.13,508800.0,41.052228613454
2013-01-28,42.47,42.6,42.01,42.2,488800.0,41.120437870585
2013-01-25,41.78,42.45,41.54,42.33,1009400.0,41.247112205258006
2013-01-24,41.0,41.64,40.84,41.54,856700.0,40.477322017633
2013-01-23,40.9,40.98,40.75,40.88,626000.0,39.834206164681
2013-01-22,40.69,40.95,40.53,40.89,545800.0,39.843950344271
2013-01-18,40.58,40.96,40.44,40.85,986500.0,39.804973625909994
2013-01-17,39.89,40.9,39.85,40.68,1107900.0,39.639322572877
2013-01-16,39.36,39.82,39.36,39.82,705700.0,38.801323128121
2013-01-15,39.72,39.73,39.46,39.59,887000.0,38.577206997547
2013-01-14,39.99,40.12,39.67,39.81,1060500.0,38.791578948531
2013-01-11,40.35,40.54,39.86,39.93,606800.0,38.908509103613
2013-01-10,40.52,40.52,40.15,40.33,525300.0,39.29827628722
2013-01-09,40.53,40.6,40.3,40.41,490300.0,39.376229723942
2013-01-08,40.67,40.85,40.27,40.43,698900.0,39.395718083122
2013-01-07,40.69,40.9,40.48,40.9,554100.0,39.853694523861
2013-01-04,40.54,40.85,40.31,40.76,660400.0,39.717276009597995
2013-01-03,40.5,40.7,39.8,40.41,525500.0,39.376229723942
2013-01-02,40.22,40.54,39.92,40.52,856600.0,39.483415699434
